timestamp  ,ttl ,ip             ,hostname                                   ,asn
1683451175 ,  1 ,192.168.1.1    ,???                                        ,
1683451175 ,  2 ,100.64.0.1     ,???                                        ,
1683451175 ,  3 ,172.16.251.90  ,???                                        ,
1683451175 ,  4 ,*              ,*                                          ,*
1683451175 ,  5 ,206.224.65.188 ,undefined.hostname.localhost               ,14593
1683451175 ,  6 ,62.115.114.90  ,ffm-bb2-link.ip.twelve99.net               ,1299
1683451175 ,  7 ,62.115.114.90  ,ffm-bb2-link.ip.twelve99.net               ,1299
1683451175 ,  8 ,62.115.124.61  ,mei-b5-link.ip.twelve99.net                ,1299
1683451175 ,  9 ,62.115.134.229 ,snge-b5-link.ip.twelve99.net               ,1299
1683451175 , 10 ,62.115.178.43  ,skbroadband-ic-374168.ip.twelve99-cust.net ,1299
1683451175 , 11 ,1.255.26.127   ,???                                        ,9318
1683451175 , 12 ,1.255.76.100   ,???                                        ,9318
1683451175 , 13 ,*              ,*                                          ,*
1683451175 , 14 ,*              ,*                                          ,*
1683451175 , 15 ,140.91.    .6   ,???                                        ,31898
1683451175 , 16 ,*              ,*                                          ,*
1683451175 , 17 ,*              ,*                                          ,*
1683451175 , 18 ,*              ,*                                          ,*
1683451175 , 19 ,*              ,*                                          ,*
1683451175 , 20 ,*              ,*                                          ,*
1683451175 , 21 ,*              ,*                                          ,*
1683451175 , 22 ,*              ,*                                          ,*
1683451175 , 23 ,*              ,*                                          ,*
1683451175 , 24 ,*              ,*                                          ,*
1683451175 , 25 ,*              ,*                                          ,*
1683451175 , 26 ,*              ,*                                          ,*
1683451175 , 27 ,*              ,*                                          ,*
1683451175 , 28 ,*              ,*                                          ,*
1683451175 , 29 ,*              ,*                                          ,*
1683468819 ,  1 ,192.168.1.1    ,???                                        ,
1683468819 ,  2 ,100.64.0.1     ,???                                        ,
1683468819 ,  3 ,172.16.251.90  ,???                                        ,
1683468819 ,  4 ,*              ,*                                          ,*
1683468819 ,  5 ,206.224.65.186 ,undefined.hostname.localhost               ,14593
1683468819 ,  6 ,62.115.114.90  ,ffm-bb2-link.ip.twelve99.net               ,1299
1683468819 ,  7 ,62.115.114.90  ,ffm-bb2-link.ip.twelve99.net               ,1299
1683468819 ,  8 ,62.115.124.61  ,mei-b5-link.ip.twelve99.net                ,1299
1683468819 ,  9 ,*              ,*                                          ,*
1683468819 , 10 ,62.115.178.43  ,skbroadband-ic-374168.ip.twelve99-cust.net ,1299
1683468819 , 11 ,1.255.26.127   ,???                                        ,9318
1683468819 , 12 ,1.255.76.100   ,???                                        ,9318
1683468819 , 13 ,*              ,*                                          ,*
1683468819 , 14 ,*              ,*                                          ,*
1683468819 , 15 ,140.91.230.5   ,???                                        ,31898
1683468819 , 16 ,*              ,*                                          ,*
1683468819 , 17 ,*              ,*                                          ,*
1683468819 , 18 ,*              ,*                                          ,*
1683468819 , 19 ,*              ,*                                          ,*
1683468819 , 20 ,*              ,*                                          ,*
1683468819 , 21 ,*              ,*                                          ,*
1683468819 , 22 ,*              ,*                                          ,*
1683468819 , 23 ,*              ,*                                          ,*
1683468819 , 24 ,*              ,*                                          ,*
1683468819 , 25 ,*              ,*                                          ,*
1683468819 , 26 ,*              ,*                                          ,*
1683468819 , 27 ,*              ,*                                          ,*
1683468819 , 28 ,*              ,*                                          ,*
1683468819 , 29 ,*              ,*                                          ,*
1683483697,1,192.168.1.1,???,
1683483697,2,100.64.0.1,???,
1683483697,3,172.16.251.90,???,
1683483697,4,*,*,*
1683483697,5,206.224.65.178,undefined.hostname.localhost,14593
1683483697,6,62.115.37.20,ffm-b11-link.ip.twelve99.net,1299
1683483697,7,62.115.124.118,ffm-bb2-link.ip.twelve99.net,1299
1683483697,8,62.115.124.61,mei-b5-link.ip.twelve99.net,1299
1683483697,9,*,*,*
1683483697,10,62.115.180.189,skbroadband-ic-374169.ip.twelve99-cust.net,1299
1683483697,11,1.255.76.100,???,9318
1683483697,12,*,*,*
1683483697,13,*,*,*
1683483697,14,140.91.230.12,???,31898
1683483697,15,*,*,*
1683483697,16,*,*,*
1683483697,17,*,*,*
1683483697,18,*,*,*
1683483697,19,*,*,*
1683483697,20,*,*,*
1683483697,21,*,*,*
1683483697,22,*,*,*
1683483697,23,*,*,*
1683483697,24,*,*,*
1683483697,25,*,*,*
1683483697,26,*,*,*
1683483697,27,*,*,*
1683483697,28,*,*,*
1683483697,29,*,*,*
1683486952,1,192.168.1.1,???,
1683486952,2,100.64.0.1,???,
1683486952,3,172.16.251.90,???,
1683486952,4,*,*,*
1683486952,5,206.224.65.178,undefined.hostname.localhost,14593
1683486952,6,62.115.37.20,ffm-b11-link.ip.twelve99.net,1299
1683486952,7,62.115.124.118,ffm-bb2-link.ip.twelve99.net,1299
1683486952,8,62.115.124.61,mei-b5-link.ip.twelve99.net,1299
1683486952,9,62.115.124.122,snge-b5-link.ip.twelve99.net,1299
1683486952,10,62.115.180.189,skbroadband-ic-374169.ip.twelve99-cust.net,1299
1683486952,11,1.255.76.100,???,9318
1683486952,12,*,*,*
1683486952,13,*,*,*
1683486952,14,140.91.230.12,???,31898
1683486952,15,*,*,*
1683486952,16,*,*,*
1683486952,17,*,*,*
1683486952,18,*,*,*
1683486952,19,*,*,*
1683486952,20,*,*,*
1683486952,21,*,*,*
1683486952,22,*,*,*
1683486952,23,*,*,*
1683486952,24,*,*,*
1683486952,25,*,*,*
1683486952,26,*,*,*
1683486952,27,*,*,*
1683486952,28,*,*,*
1683486952,29,*,*,*
1683489968,1,192.168.1.1,???,
1683489968,2,100.64.0.1,???,
1683489968,3,172.16.251.90,???,
1683489968,4,*,*,*
1683489968,5,206.224.65.178,undefined.hostname.localhost,14593
1683489968,6,62.115.37.20,ffm-b11-link.ip.twelve99.net,1299
1683489968,7,62.115.124.118,ffm-bb2-link.ip.twelve99.net,1299
1683489968,8,62.115.124.61,mei-b5-link.ip.twelve99.net,1299
1683489968,9,62.115.124.122,snge-b5-link.ip.twelve99.net,1299
1683489968,10,62.115.180.189,skbroadband-ic-374169.ip.twelve99-cust.net,1299
1683489968,11,1.255.76.100,???,9318
1683489968,12,*,*,*
1683489968,13,*,*,*
1683489968,14,140.91.230.12,???,31898
1683489968,15,*,*,*
1683489968,16,*,*,*
1683489968,17,*,*,*
1683489968,18,*,*,*
1683489968,19,*,*,*
1683489968,20,*,*,*
1683489968,21,*,*,*
1683489968,22,*,*,*
1683489968,23,*,*,*
1683489968,24,*,*,*
1683489968,25,*,*,*
1683489968,26,*,*,*
1683489968,27,*,*,*
1683489968,28,*,*,*
1683489968,29,*,*,*
1683492728,1,192.168.1.1,???,
1683492728,2,100.64.0.1,???,
1683492728,3,172.16.251.90,???,
1683492728,4,*,*,*
1683492728,5,206.224.65.178,undefined.hostname.localhost,14593
1683492728,6,62.115.37.20,ffm-b11-link.ip.twelve99.net,1299
1683492728,7,62.115.124.118,ffm-bb2-link.ip.twelve99.net,1299
1683492728,8,62.115.124.61,mei-b5-link.ip.twelve99.net,1299
1683492728,9,62.115.124.122,snge-b5-link.ip.twelve99.net,1299
1683492728,10,62.115.180.189,skbroadband-ic-374169.ip.twelve99-cust.net,1299
1683492728,11,1.255.76.100,???,9318
1683492728,12,*,*,*
1683492728,13,*,*,*
1683492728,14,140.91.230.12,???,31898
1683492728,15,*,*,*
1683492728,16,*,*,*
1683492728,17,*,*,*
1683492728,18,*,*,*
1683492728,19,*,*,*
1683492728,20,*,*,*
1683492728,21,*,*,*
1683492728,22,*,*,*
1683492728,23,*,*,*
1683492728,24,*,*,*
1683492728,25,*,*,*
1683492728,26,*,*,*
1683492728,27,*,*,*
1683492728,28,*,*,*
1683492728,29,*,*,*
1683495063,1,192.168.1.1,???,
1683495063,2,100.64.0.1,???,
1683495063,3,172.16.251.90,???,
1683495063,4,*,*,*
1683495063,5,206.224.65.178,undefined.hostname.localhost,14593
1683495063,6,62.115.37.20,ffm-b11-link.ip.twelve99.net,1299
1683495063,7,62.115.124.118,ffm-bb2-link.ip.twelve99.net,1299
1683495063,8,62.115.124.61,mei-b5-link.ip.twelve99.net,1299
1683495063,9,*,*,*
1683495063,10,62.115.180.189,skbroadband-ic-374169.ip.twelve99-cust.net,1299
1683495063,11,1.255.76.100,???,9318
1683495063,12,*,*,*
1683495063,13,*,*,*
1683495063,14,140.91.230.12,???,31898
1683495063,15,*,*,*
1683495063,16,*,*,*
1683495063,17,*,*,*
1683495063,18,*,*,*
1683495063,19,*,*,*
1683495063,20,*,*,*
1683495063,21,*,*,*
1683495063,22,*,*,*
1683495063,23,*,*,*
1683495063,24,*,*,*
1683495063,25,*,*,*
1683495063,26,*,*,*
1683495063,27,*,*,*
1683495063,28,*,*,*
1683495063,29,*,*,*
1683497382,1,192.168.1.1,???,
1683497382,2,100.64.0.1,???,
1683497382,3,172.16.251.90,???,
1683497382,4,*,*,*
1683497382,5,206.224.65.178,undefined.hostname.localhost,14593
1683497382,6,62.115.37.20,ffm-b11-link.ip.twelve99.net,1299
1683497382,7,62.115.124.118,ffm-bb2-link.ip.twelve99.net,1299
1683497382,8,62.115.124.61,mei-b5-link.ip.twelve99.net,1299
1683497382,9,62.115.124.122,snge-b5-link.ip.twelve99.net,1299
1683497382,10,62.115.180.189,skbroadband-ic-374169.ip.twelve99-cust.net,1299
1683497382,11,1.255.76.100,???,9318
1683497382,12,*,*,*
1683497382,13,*,*,*
1683497382,14,140.91.230.12,???,31898
1683497382,15,*,*,*
1683497382,16,*,*,*
1683497382,17,*,*,*
1683497382,18,*,*,*
1683497382,19,*,*,*
1683497382,20,*,*,*
1683497382,21,*,*,*
1683497382,22,*,*,*
1683497382,23,*,*,*
1683497382,24,*,*,*
1683497382,25,*,*,*
1683497382,26,*,*,*
1683497382,27,*,*,*
1683497382,28,*,*,*
1683497382,29,*,*,*
1683499626,1,192.168.1.1,???,
1683499626,2,100.64.0.1,???,
1683499626,3,172.16.251.90,???,
1683499626,4,*,*,*
1683499626,5,206.224.65.178,undefined.hostname.localhost,14593
1683499626,6,62.115.37.20,ffm-b11-link.ip.twelve99.net,1299
1683499626,7,62.115.124.118,ffm-bb2-link.ip.twelve99.net,1299
1683499626,8,62.115.124.61,mei-b5-link.ip.twelve99.net,1299
1683499626,9,*,*,*
1683499626,10,62.115.180.189,skbroadband-ic-374169.ip.twelve99-cust.net,1299
1683499626,11,1.255.76.100,???,9318
1683499626,12,*,*,*
1683499626,13,*,*,*
1683499626,14,140.91.230.12,???,31898
1683499626,15,*,*,*
1683499626,16,*,*,*
1683499626,17,*,*,*
1683499626,18,*,*,*
1683499626,19,*,*,*
1683499626,20,*,*,*
1683499626,21,*,*,*
1683499626,22,*,*,*
1683499626,23,*,*,*
1683499626,24,*,*,*
1683499626,25,*,*,*
1683499626,26,*,*,*
1683499626,27,*,*,*
1683499626,28,*,*,*
1683499626,29,*,*,*
1683501859,1,192.168.1.1,???,
1683501859,2,100.64.0.1,???,
1683501859,3,172.16.251.90,???,
1683501859,4,*,*,*
1683501859,5,206.224.65.178,undefined.hostname.localhost,14593
1683501859,6,62.115.37.20,ffm-b11-link.ip.twelve99.net,1299
1683501859,7,62.115.124.118,ffm-bb2-link.ip.twelve99.net,1299
1683501859,8,62.115.124.61,mei-b5-link.ip.twelve99.net,1299
1683501859,9,*,*,*
1683501859,10,62.115.180.189,skbroadband-ic-374169.ip.twelve99-cust.net,1299
1683501859,11,1.255.76.100,???,9318
1683501859,12,*,*,*
1683501859,13,*,*,*
1683501859,14,140.91.230.12,???,31898
1683501859,15,*,*,*
1683501859,16,*,*,*
1683501859,17,*,*,*
1683501859,18,*,*,*
1683501859,19,*,*,*
1683501859,20,*,*,*
1683501859,21,*,*,*
1683501859,22,*,*,*
1683501859,23,*,*,*
1683501859,24,*,*,*
1683501859,25,*,*,*
1683501859,26,*,*,*
1683501859,27,*,*,*
1683501859,28,*,*,*
1683501859,29,*,*,*
1683504095,1,192.168.1.1,???,
1683504095,2,100.64.0.1,???,
1683504095,3,172.16.251.90,???,
1683504095,4,*,*,*
1683504095,5,206.224.65.178,undefined.hostname.localhost,14593
1683504095,6,62.115.37.20,ffm-b11-link.ip.twelve99.net,1299
1683504095,7,62.115.124.118,ffm-bb2-link.ip.twelve99.net,1299
1683504095,8,62.115.124.61,mei-b5-link.ip.twelve99.net,1299
1683504095,9,*,*,*
1683504095,10,62.115.180.189,skbroadband-ic-374169.ip.twelve99-cust.net,1299
1683504095,11,1.255.76.100,???,9318
1683504095,12,*,*,*
1683504095,13,*,*,*
1683504095,14,140.91.230.12,???,31898
1683504095,15,*,*,*
1683504095,16,*,*,*
1683504095,17,*,*,*
1683504095,18,*,*,*
1683504095,19,*,*,*
1683504095,20,*,*,*
1683504095,21,*,*,*
1683504095,22,*,*,*
1683504095,23,*,*,*
1683504095,24,*,*,*
1683504095,25,*,*,*
1683504095,26,*,*,*
1683504095,27,*,*,*
1683504095,28,*,*,*
1683504095,29,*,*,*
1683506300,1,192.168.1.1,???,
1683506300,2,100.64.0.1,???,
1683506300,3,172.16.251.90,???,
1683506300,4,*,*,*
1683506300,5,206.224.65.178,undefined.hostname.localhost,14593
1683506300,6,62.115.37.20,ffm-b11-link.ip.twelve99.net,1299
1683506300,7,62.115.124.118,ffm-bb2-link.ip.twelve99.net,1299
1683506300,8,62.115.124.61,mei-b5-link.ip.twelve99.net,1299
1683506300,9,*,*,*
1683506300,10,62.115.180.189,skbroadband-ic-374169.ip.twelve99-cust.net,1299
1683506300,11,1.255.76.100,???,9318
1683506300,12,*,*,*
1683506300,13,*,*,*
1683506300,14,140.91.230.12,???,31898
1683506300,15,*,*,*
1683506300,16,*,*,*
1683506300,17,*,*,*
1683506300,18,*,*,*
1683506300,19,*,*,*
1683506300,20,*,*,*
1683506300,21,*,*,*
1683506300,22,*,*,*
1683506300,23,*,*,*
1683506300,24,*,*,*
1683506300,25,*,*,*
1683506300,26,*,*,*
1683506300,27,*,*,*
1683506300,28,*,*,*
1683506300,29,*,*,*
1683508534,1,192.168.1.1,???,
1683508534,2,100.64.0.1,???,
1683508534,3,172.16.251.90,???,
1683508534,4,*,*,*
1683508534,5,206.224.65.178,undefined.hostname.localhost,14593
1683508534,6,62.115.37.20,ffm-b11-link.ip.twelve99.net,1299
1683508534,7,62.115.124.118,ffm-bb2-link.ip.twelve99.net,1299
1683508534,8,62.115.124.61,mei-b5-link.ip.twelve99.net,1299
1683508534,9,*,*,*
1683508534,10,62.115.180.189,skbroadband-ic-374169.ip.twelve99-cust.net,1299
1683508534,11,1.255.76.100,???,9318
1683508534,12,*,*,*
1683508534,13,*,*,*
1683508534,14,140.91.230.12,???,31898
1683508534,15,*,*,*
1683508534,16,*,*,*
1683508534,17,*,*,*
1683508534,18,*,*,*
1683508534,19,*,*,*
1683508534,20,*,*,*
1683508534,21,*,*,*
1683508534,22,*,*,*
1683508534,23,*,*,*
1683508534,24,*,*,*
1683508534,25,*,*,*
1683508534,26,*,*,*
1683508534,27,*,*,*
1683508534,28,*,*,*
1683508534,29,*,*,*
1683510752,1,192.168.1.1,???,
1683510752,2,100.64.0.1,???,
1683510752,3,172.16.251.90,???,
1683510752,4,*,*,*
1683510752,5,206.224.65.178,undefined.hostname.localhost,14593
1683510752,6,62.115.37.20,ffm-b11-link.ip.twelve99.net,1299
1683510752,7,62.115.124.118,ffm-bb2-link.ip.twelve99.net,1299
1683510752,8,62.115.124.61,mei-b5-link.ip.twelve99.net,1299
1683510752,9,*,*,*
1683510752,10,62.115.180.189,skbroadband-ic-374169.ip.twelve99-cust.net,1299
1683510752,11,1.255.76.100,???,9318
1683510752,12,*,*,*
1683510752,13,*,*,*
1683510752,14,140.91.230.12,???,31898
1683510752,15,*,*,*
1683510752,16,*,*,*
1683510752,17,*,*,*
1683510752,18,*,*,*
1683510752,19,*,*,*
1683510752,20,*,*,*
1683510752,21,*,*,*
1683510752,22,*,*,*
1683510752,23,*,*,*
1683510752,24,*,*,*
1683510752,25,*,*,*
1683510752,26,*,*,*
1683510752,27,*,*,*
1683510752,28,*,*,*
1683510752,29,*,*,*
1683512994,1,192.168.1.1,???,
1683512994,2,100.64.0.1,???,
1683512994,3,172.16.251.90,???,
1683512994,4,*,*,*
1683512994,5,206.224.65.178,undefined.hostname.localhost,14593
1683512994,6,62.115.37.20,ffm-b11-link.ip.twelve99.net,1299
1683512994,7,62.115.124.118,ffm-bb2-link.ip.twelve99.net,1299
1683512994,8,62.115.124.61,mei-b5-link.ip.twelve99.net,1299
1683512994,9,62.115.124.122,snge-b5-link.ip.twelve99.net,1299
1683512994,10,62.115.180.189,skbroadband-ic-374169.ip.twelve99-cust.net,1299
1683512994,11,1.255.76.100,???,9318
1683512994,12,*,*,*
1683512994,13,*,*,*
1683512994,14,140.91.230.12,???,31898
1683512994,15,*,*,*
1683512994,16,*,*,*
1683512994,17,*,*,*
1683512994,18,*,*,*
1683512994,19,*,*,*
1683512994,20,*,*,*
1683512994,21,*,*,*
1683512994,22,*,*,*
1683512994,23,*,*,*
1683512994,24,*,*,*
1683512994,25,*,*,*
1683512994,26,*,*,*
1683512994,27,*,*,*
1683512994,28,*,*,*
1683512994,29,*,*,*
1683515259,1,192.168.1.1,???,
1683515259,2,100.64.0.1,???,
1683515259,3,172.16.251.90,???,
1683515259,4,*,*,*
1683515259,5,206.224.65.178,undefined.hostname.localhost,14593
1683515259,6,62.115.37.20,ffm-b11-link.ip.twelve99.net,1299
1683515259,7,62.115.124.118,ffm-bb2-link.ip.twelve99.net,1299
1683515259,8,62.115.124.61,mei-b5-link.ip.twelve99.net,1299
1683515259,9,*,*,*
1683515259,10,62.115.180.189,skbroadband-ic-374169.ip.twelve99-cust.net,1299
1683515259,11,1.255.76.100,???,9318
1683515259,12,*,*,*
1683515259,13,*,*,*
1683515259,14,140.91.230.12,???,31898
1683515259,15,*,*,*
1683515259,16,*,*,*
1683515259,17,*,*,*
1683515259,18,*,*,*
1683515259,19,*,*,*
1683515259,20,*,*,*
1683515259,21,*,*,*
1683515259,22,*,*,*
1683515259,23,*,*,*
1683515259,24,*,*,*
1683515259,25,*,*,*
1683515259,26,*,*,*
1683515259,27,*,*,*
1683515259,28,*,*,*
1683515259,29,*,*,*
1683517497,1,192.168.1.1,???,
1683517497,2,100.64.0.1,???,
1683517497,3,172.16.251.90,???,
1683517497,4,*,*,*
1683517497,5,206.224.65.178,undefined.hostname.localhost,14593
1683517497,6,62.115.37.20,ffm-b11-link.ip.twelve99.net,1299
1683517497,7,62.115.124.118,ffm-bb2-link.ip.twelve99.net,1299
1683517497,8,62.115.124.61,mei-b5-link.ip.twelve99.net,1299
1683517497,9,*,*,*
1683517497,10,62.115.180.189,skbroadband-ic-374169.ip.twelve99-cust.net,1299
1683517497,11,1.255.76.100,???,9318
1683517497,12,*,*,*
1683517497,13,*,*,*
1683517497,14,140.91.230.12,???,31898
1683517497,15,*,*,*
1683517497,16,*,*,*
1683517497,17,*,*,*
1683517497,18,*,*,*
1683517497,19,*,*,*
1683517497,20,*,*,*
1683517497,21,*,*,*
1683517497,22,*,*,*
1683517497,23,*,*,*
1683517497,24,*,*,*
1683517497,25,*,*,*
1683517497,26,*,*,*
1683517497,27,*,*,*
1683517497,28,*,*,*
1683517497,29,*,*,*
1683519815,1,192.168.1.1,???,
1683519815,2,100.64.0.1,???,
1683519815,3,172.16.251.90,???,
1683519815,4,*,*,*
1683519815,5,206.224.65.178,undefined.hostname.localhost,14593
1683519815,6,62.115.37.20,ffm-b11-link.ip.twelve99.net,1299
1683519815,7,62.115.124.118,ffm-bb2-link.ip.twelve99.net,1299
1683519815,8,62.115.124.61,mei-b5-link.ip.twelve99.net,1299
1683519815,9,*,*,*
1683519815,10,62.115.180.189,skbroadband-ic-374169.ip.twelve99-cust.net,1299
1683519815,11,1.255.76.100,???,9318
1683519815,12,*,*,*
1683519815,13,*,*,*
1683519815,14,140.91.230.12,???,31898
1683519815,15,*,*,*
1683519815,16,*,*,*
1683519815,17,*,*,*
1683519815,18,*,*,*
1683519815,19,*,*,*
1683519815,20,*,*,*
1683519815,21,*,*,*
1683519815,22,*,*,*
1683519815,23,*,*,*
1683519815,24,*,*,*
1683519815,25,*,*,*
1683519815,26,*,*,*
1683519815,27,*,*,*
1683519815,28,*,*,*
1683519815,29,*,*,*
1683522385,1,192.168.1.1,???,
1683522385,2,100.64.0.1,???,
1683522385,3,172.16.251.90,???,
1683522385,4,*,*,*
1683522385,5,206.224.65.178,undefined.hostname.localhost,14593
1683522385,6,62.115.37.20,ffm-b11-link.ip.twelve99.net,1299
1683522385,7,62.115.124.118,ffm-bb2-link.ip.twelve99.net,1299
1683522385,8,62.115.124.61,mei-b5-link.ip.twelve99.net,1299
1683522385,9,*,*,*
1683522385,10,62.115.180.189,skbroadband-ic-374169.ip.twelve99-cust.net,1299
1683522385,11,1.255.76.100,???,9318
1683522385,12,*,*,*
1683522385,13,*,*,*
1683522385,14,140.91.230.12,???,31898
1683522385,15,*,*,*
1683522385,16,*,*,*
1683522385,17,*,*,*
1683522385,18,*,*,*
1683522385,19,*,*,*
1683522385,20,*,*,*
1683522385,21,*,*,*
1683522385,22,*,*,*
1683522385,23,*,*,*
1683522385,24,*,*,*
1683522385,25,*,*,*
1683522385,26,*,*,*
1683522385,27,*,*,*
1683522385,28,*,*,*
1683522385,29,*,*,*
1683525167,1,192.168.1.1,???,
1683525167,2,100.64.0.1,???,
1683525167,3,172.16.251.90,???,
1683525167,4,*,*,*
1683525167,5,206.224.65.178,undefined.hostname.localhost,14593
1683525167,6,62.115.37.20,ffm-b11-link.ip.twelve99.net,1299
1683525167,7,62.115.124.118,ffm-bb2-link.ip.twelve99.net,1299
1683525167,8,62.115.124.61,mei-b5-link.ip.twelve99.net,1299
1683525167,9,*,*,*
1683525167,10,62.115.180.189,skbroadband-ic-374169.ip.twelve99-cust.net,1299
1683525167,11,1.255.76.100,???,9318
1683525167,12,*,*,*
1683525167,13,*,*,*
1683525167,14,140.91.230.12,???,31898
1683525167,15,*,*,*
1683525167,16,*,*,*
1683525167,17,*,*,*
1683525167,18,*,*,*
1683525167,19,*,*,*
1683525167,20,*,*,*
1683525167,21,*,*,*
1683525167,22,*,*,*
1683525167,23,*,*,*
1683525167,24,*,*,*
1683525167,25,*,*,*
1683525167,26,*,*,*
1683525167,27,*,*,*
1683525167,28,*,*,*
1683525167,29,*,*,*
1683528196,1,192.168.1.1,???,
1683528196,2,100.64.0.1,???,
1683528196,3,172.16.251.90,???,
1683528196,4,*,*,*
1683528196,5,206.224.65.178,undefined.hostname.localhost,14593
1683528196,6,62.115.37.20,ffm-b11-link.ip.twelve99.net,1299
1683528196,7,62.115.124.118,ffm-bb2-link.ip.twelve99.net,1299
1683528196,8,62.115.124.61,mei-b5-link.ip.twelve99.net,1299
1683528196,9,*,*,*
1683528196,10,62.115.180.189,skbroadband-ic-374169.ip.twelve99-cust.net,1299
1683528196,11,1.255.76.100,???,9318
1683528196,12,*,*,*
1683528196,13,*,*,*
1683528196,14,140.91.230.12,???,31898
1683528196,15,*,*,*
1683528196,16,*,*,*
1683528196,17,*,*,*
1683528196,18,*,*,*
1683528196,19,*,*,*
1683528196,20,*,*,*
1683528196,21,*,*,*
1683528196,22,*,*,*
1683528196,23,*,*,*
1683528196,24,*,*,*
1683528196,25,*,*,*
1683528196,26,*,*,*
1683528196,27,*,*,*
1683528196,28,*,*,*
1683528196,29,*,*,*
1683531209,1,192.168.1.1,???,
1683531209,2,100.64.0.1,???,
1683531209,3,172.16.251.90,???,
1683531209,4,*,*,*
1683531209,5,206.224.65.178,undefined.hostname.localhost,14593
1683531209,6,62.115.37.20,ffm-b11-link.ip.twelve99.net,1299
1683531209,7,62.115.124.118,ffm-bb2-link.ip.twelve99.net,1299
1683531209,8,62.115.124.61,mei-b5-link.ip.twelve99.net,1299
1683531209,9,*,*,*
1683531209,10,62.115.180.189,skbroadband-ic-374169.ip.twelve99-cust.net,1299
1683531209,11,1.255.76.100,???,9318
1683531209,12,*,*,*
1683531209,13,*,*,*
1683531209,14,140.91.230.12,???,31898
1683531209,15,*,*,*
1683531209,16,*,*,*
1683531209,17,*,*,*
1683531209,18,*,*,*
1683531209,19,*,*,*
1683531209,20,*,*,*
1683531209,21,*,*,*
1683531209,22,*,*,*
1683531209,23,*,*,*
1683531209,24,*,*,*
1683531209,25,*,*,*
1683531209,26,*,*,*
1683531209,27,*,*,*
1683531209,28,*,*,*
1683531209,29,*,*,*
1683534394,1,192.168.1.1,???,
1683534394,2,100.64.0.1,???,
1683534394,3,172.16.251.90,???,
1683534394,4,*,*,*
1683534394,5,206.224.65.178,undefined.hostname.localhost,14593
1683534394,6,62.115.37.20,ffm-b11-link.ip.twelve99.net,1299
1683534394,7,62.115.124.118,ffm-bb2-link.ip.twelve99.net,1299
1683534394,8,62.115.124.61,mei-b5-link.ip.twelve99.net,1299
1683534394,9,*,*,*
1683534394,10,62.115.180.189,skbroadband-ic-374169.ip.twelve99-cust.net,1299
1683534394,11,1.255.76.100,???,9318
1683534394,12,*,*,*
1683534394,13,*,*,*
1683534394,14,140.91.230.12,???,31898
1683534394,15,*,*,*
1683534394,16,*,*,*
1683534394,17,*,*,*
1683534394,18,*,*,*
1683534394,19,*,*,*
1683534394,20,*,*,*
1683534394,21,*,*,*
1683534394,22,*,*,*
1683534394,23,*,*,*
1683534394,24,*,*,*
1683534394,25,*,*,*
1683534394,26,*,*,*
1683534394,27,*,*,*
1683534394,28,*,*,*
1683534394,29,*,*,*
1683537504,1,192.168.1.1,???,
1683537504,2,100.64.0.1,???,
1683537504,3,172.16.251.90,???,
1683537504,4,*,*,*
1683537504,5,206.224.65.178,undefined.hostname.localhost,14593
1683537504,6,62.115.37.20,ffm-b11-link.ip.twelve99.net,1299
1683537504,7,62.115.124.118,ffm-bb2-link.ip.twelve99.net,1299
1683537504,8,62.115.124.61,mei-b5-link.ip.twelve99.net,1299
1683537504,9,*,*,*
1683537504,10,62.115.180.189,skbroadband-ic-374169.ip.twelve99-cust.net,1299
1683537504,11,1.255.76.100,???,9318
1683537504,12,*,*,*
1683537504,13,*,*,*
1683537504,14,140.91.230.12,???,31898
1683537504,15,*,*,*
1683537504,16,*,*,*
1683537504,17,*,*,*
1683537504,18,*,*,*
1683537504,19,*,*,*
1683537504,20,*,*,*
1683537504,21,*,*,*
1683537504,22,*,*,*
1683537504,23,*,*,*
1683537504,24,*,*,*
1683537504,25,*,*,*
1683537504,26,*,*,*
1683537504,27,*,*,*
1683537504,28,*,*,*
1683537504,29,*,*,*
1683540699,1,192.168.1.1,???,
1683540699,2,100.64.0.1,???,
1683540699,3,172.16.251.90,???,
1683540699,4,*,*,*
1683540699,5,206.224.65.178,undefined.hostname.localhost,14593
1683540699,6,62.115.37.20,ffm-b11-link.ip.twelve99.net,1299
1683540699,7,62.115.124.118,ffm-bb2-link.ip.twelve99.net,1299
1683540699,8,62.115.124.61,mei-b5-link.ip.twelve99.net,1299
1683540699,9,*,*,*
1683540699,10,62.115.180.189,skbroadband-ic-374169.ip.twelve99-cust.net,1299
1683540699,11,1.255.76.100,???,9318
1683540699,12,*,*,*
1683540699,13,*,*,*
1683540699,14,140.91.230.12,???,31898
1683540699,15,*,*,*
1683540699,16,*,*,*
1683540699,17,*,*,*
1683540699,18,*,*,*
1683540699,19,*,*,*
1683540699,20,*,*,*
1683540699,21,*,*,*
1683540699,22,*,*,*
1683540699,23,*,*,*
1683540699,24,*,*,*
1683540699,25,*,*,*
1683540699,26,*,*,*
1683540699,27,*,*,*
1683540699,28,*,*,*
1683540699,29,*,*,*
1683543806,1,192.168.1.1,???,
1683543806,2,100.64.0.1,???,
1683543806,3,172.16.251.90,???,
1683543806,4,*,*,*
1683543806,5,206.224.65.178,undefined.hostname.localhost,14593
1683543806,6,62.115.37.20,ffm-b11-link.ip.twelve99.net,1299
1683543806,7,62.115.124.118,ffm-bb2-link.ip.twelve99.net,1299
1683543806,8,62.115.124.61,mei-b5-link.ip.twelve99.net,1299
1683543806,9,*,*,*
1683543806,10,62.115.180.189,skbroadband-ic-374169.ip.twelve99-cust.net,1299
1683543806,11,1.255.76.100,???,9318
1683543806,12,*,*,*
1683543806,13,*,*,*
1683543806,14,140.91.230.12,???,31898
1683543806,15,*,*,*
1683543806,16,*,*,*
1683543806,17,*,*,*
1683543806,18,*,*,*
1683543806,19,*,*,*
1683543806,20,*,*,*
1683543806,21,*,*,*
1683543806,22,*,*,*
1683543806,23,*,*,*
1683543806,24,*,*,*
1683543806,25,*,*,*
1683543806,26,*,*,*
1683543806,27,*,*,*
1683543806,28,*,*,*
1683543806,29,*,*,*
1683546982,1,192.168.1.1,???,
1683546982,2,100.64.0.1,???,
1683546982,3,172.16.251.90,???,
1683546982,4,*,*,*
1683546982,5,206.224.65.178,undefined.hostname.localhost,14593
1683546982,6,62.115.37.20,ffm-b11-link.ip.twelve99.net,1299
1683546982,7,62.115.124.118,ffm-bb2-link.ip.twelve99.net,1299
1683546982,8,62.115.124.61,mei-b5-link.ip.twelve99.net,1299
1683546982,9,*,*,*
1683546982,10,62.115.180.189,skbroadband-ic-374169.ip.twelve99-cust.net,1299
1683546982,11,1.255.76.100,???,9318
1683546982,12,*,*,*
1683546982,13,*,*,*
1683546982,14,140.91.230.12,???,31898
1683546982,15,*,*,*
1683546982,16,*,*,*
1683546982,17,*,*,*
1683546982,18,*,*,*
1683546982,19,*,*,*
1683546982,20,*,*,*
1683546982,21,*,*,*
1683546982,22,*,*,*
1683546982,23,*,*,*
1683546982,24,*,*,*
1683546982,25,*,*,*
1683546982,26,*,*,*
1683546982,27,*,*,*
1683546982,28,*,*,*
1683546982,29,*,*,*
1683550183,1,192.168.1.1,???,
1683550183,2,100.64.0.1,???,
1683550183,3,172.16.251.90,???,
1683550183,4,*,*,*
1683550183,5,206.224.65.178,undefined.hostname.localhost,14593
1683550183,6,62.115.37.20,ffm-b11-link.ip.twelve99.net,1299
1683550183,7,62.115.124.118,ffm-bb2-link.ip.twelve99.net,1299
1683550183,8,62.115.124.61,mei-b5-link.ip.twelve99.net,1299
1683550183,9,*,*,*
1683550183,10,62.115.180.189,skbroadband-ic-374169.ip.twelve99-cust.net,1299
1683550183,11,1.255.76.100,???,9318
1683550183,12,*,*,*
1683550183,13,*,*,*
1683550183,14,140.91.230.12,???,31898
1683550183,15,*,*,*
1683550183,16,*,*,*
1683550183,17,*,*,*
1683550183,18,*,*,*
1683550183,19,*,*,*
1683550183,20,*,*,*
1683550183,21,*,*,*
1683550183,22,*,*,*
1683550183,23,*,*,*
1683550183,24,*,*,*
1683550183,25,*,*,*
1683550183,26,*,*,*
1683550183,27,*,*,*
1683550183,28,*,*,*
1683550183,29,*,*,*
1683553315,1,192.168.1.1,???,
1683553315,2,100.64.0.1,???,
1683553315,3,172.16.251.90,???,
1683553315,4,*,*,*
1683553315,5,206.224.65.178,undefined.hostname.localhost,14593
1683553315,6,62.115.37.20,ffm-b11-link.ip.twelve99.net,1299
1683553315,7,62.115.124.118,ffm-bb2-link.ip.twelve99.net,1299
1683553315,8,62.115.124.61,mei-b5-link.ip.twelve99.net,1299
1683553315,9,*,*,*
1683553315,10,62.115.180.189,skbroadband-ic-374169.ip.twelve99-cust.net,1299
1683553315,11,1.255.76.100,???,9318
1683553315,12,*,*,*
1683553315,13,*,*,*
1683553315,14,140.91.230.12,???,31898
1683553315,15,*,*,*
1683553315,16,*,*,*
1683553315,17,*,*,*
1683553315,18,*,*,*
1683553315,19,*,*,*
1683553315,20,*,*,*
1683553315,21,*,*,*
1683553315,22,*,*,*
1683553315,23,*,*,*
1683553315,24,*,*,*
1683553315,25,*,*,*
1683553315,26,*,*,*
1683553315,27,*,*,*
1683553315,28,*,*,*
1683553315,29,*,*,*
1683556369,1,192.168.1.1,???,
1683556369,2,100.64.0.1,???,
1683556369,3,172.16.251.90,???,
1683556369,4,*,*,*
1683556369,5,206.224.65.178,undefined.hostname.localhost,14593
1683556369,6,62.115.37.20,ffm-b11-link.ip.twelve99.net,1299
1683556369,7,62.115.124.118,ffm-bb2-link.ip.twelve99.net,1299
1683556369,8,62.115.124.61,mei-b5-link.ip.twelve99.net,1299
1683556369,9,*,*,*
1683556369,10,62.115.180.189,skbroadband-ic-374169.ip.twelve99-cust.net,1299
1683556369,11,1.255.76.100,???,9318
1683556369,12,*,*,*
1683556369,13,*,*,*
1683556369,14,140.91.230.12,???,31898
1683556369,15,*,*,*
1683556369,16,*,*,*
1683556369,17,*,*,*
1683556369,18,*,*,*
1683556369,19,*,*,*
1683556369,20,*,*,*
1683556369,21,*,*,*
1683556369,22,*,*,*
1683556369,23,*,*,*
1683556369,24,*,*,*
1683556369,25,*,*,*
1683556369,26,*,*,*
1683556369,27,*,*,*
1683556369,28,*,*,*
1683556369,29,*,*,*
1683559370,1,192.168.1.1,???,
1683559370,2,100.64.0.1,???,
1683559370,3,172.16.251.90,???,
1683559370,4,*,*,*
1683559370,5,206.224.65.178,undefined.hostname.localhost,14593
1683559370,6,62.115.37.20,ffm-b11-link.ip.twelve99.net,1299
1683559370,7,62.115.124.118,ffm-bb2-link.ip.twelve99.net,1299
1683559370,8,62.115.124.61,mei-b5-link.ip.twelve99.net,1299
1683559370,9,*,*,*
1683559370,10,62.115.180.189,skbroadband-ic-374169.ip.twelve99-cust.net,1299
1683559370,11,1.255.76.100,???,9318
1683559370,12,*,*,*
1683559370,13,*,*,*
1683559370,14,140.91.230.12,???,31898
1683559370,15,*,*,*
1683559370,16,*,*,*
1683559370,17,*,*,*
1683559370,18,*,*,*
1683559370,19,*,*,*
1683559370,20,*,*,*
1683559370,21,*,*,*
1683559370,22,*,*,*
1683559370,23,*,*,*
1683559370,24,*,*,*
1683559370,25,*,*,*
1683559370,26,*,*,*
1683559370,27,*,*,*
1683559370,28,*,*,*
1683559370,29,*,*,*
1683562343,1,192.168.1.1,???,
1683562343,2,100.64.0.1,???,
1683562343,3,172.16.251.90,???,
1683562343,4,*,*,*
1683562343,5,206.224.65.178,undefined.hostname.localhost,14593
1683562343,6,62.115.37.20,ffm-b11-link.ip.twelve99.net,1299
1683562343,7,62.115.124.118,ffm-bb2-link.ip.twelve99.net,1299
1683562343,8,62.115.124.61,mei-b5-link.ip.twelve99.net,1299
1683562343,9,62.115.124.122,snge-b5-link.ip.twelve99.net,1299
1683562343,10,62.115.180.189,skbroadband-ic-374169.ip.twelve99-cust.net,1299
1683562343,11,1.255.76.100,???,9318
1683562343,12,*,*,*
1683562343,13,*,*,*
1683562343,14,140.91.230.12,???,31898
1683562343,15,*,*,*
1683562343,16,*,*,*
1683562343,17,*,*,*
1683562343,18,*,*,*
1683562343,19,*,*,*
1683562343,20,*,*,*
1683562343,21,*,*,*
1683562343,22,*,*,*
1683562343,23,*,*,*
1683562343,24,*,*,*
1683562343,25,*,*,*
1683562343,26,*,*,*
1683562343,27,*,*,*
1683562343,28,*,*,*
1683562343,29,*,*,*
1683565163,1,192.168.1.1,???,
1683565163,2,100.64.0.1,???,
1683565163,3,172.16.251.90,???,
1683565163,4,*,*,*
1683565163,5,206.224.65.178,undefined.hostname.localhost,14593
1683565163,6,62.115.37.20,ffm-b11-link.ip.twelve99.net,1299
1683565163,7,62.115.124.118,ffm-bb2-link.ip.twelve99.net,1299
1683565163,8,62.115.124.61,mei-b5-link.ip.twelve99.net,1299
1683565163,9,62.115.124.122,snge-b5-link.ip.twelve99.net,1299
1683565163,10,62.115.180.189,skbroadband-ic-374169.ip.twelve99-cust.net,1299
1683565163,11,1.255.76.100,???,9318
1683565163,12,*,*,*
1683565163,13,*,*,*
1683565163,14,140.91.230.12,???,31898
1683565163,15,*,*,*
1683565163,16,*,*,*
1683565163,17,*,*,*
1683565163,18,*,*,*
1683565163,19,*,*,*
1683565163,20,*,*,*
1683565163,21,*,*,*
1683565163,22,*,*,*
1683565163,23,*,*,*
1683565163,24,*,*,*
1683565163,25,*,*,*
1683565163,26,*,*,*
1683565163,27,*,*,*
1683565163,28,*,*,*
1683565163,29,*,*,*
1683568045,1,192.168.1.1,???,
1683568045,2,100.64.0.1,???,
1683568045,3,172.16.251.90,???,
1683568045,4,*,*,*
1683568045,5,206.224.65.178,undefined.hostname.localhost,14593
1683568045,6,62.115.37.20,ffm-b11-link.ip.twelve99.net,1299
1683568045,7,62.115.124.118,ffm-bb2-link.ip.twelve99.net,1299
1683568045,8,62.115.124.61,mei-b5-link.ip.twelve99.net,1299
1683568045,9,62.115.124.122,snge-b5-link.ip.twelve99.net,1299
1683568045,10,62.115.180.189,skbroadband-ic-374169.ip.twelve99-cust.net,1299
1683568045,11,1.255.76.100,???,9318
1683568045,12,*,*,*
1683568045,13,*,*,*
1683568045,14,140.91.230.12,???,31898
1683568045,15,*,*,*
1683568045,16,*,*,*
1683568045,17,*,*,*
1683568045,18,*,*,*
1683568045,19,*,*,*
1683568045,20,*,*,*
1683568045,21,*,*,*
1683568045,22,*,*,*
1683568045,23,*,*,*
1683568045,24,*,*,*
1683568045,25,*,*,*
1683568045,26,*,*,*
1683568045,27,*,*,*
1683568045,28,*,*,*
1683568045,29,*,*,*
1683570907,1,192.168.1.1,???,
1683570907,2,100.64.0.1,???,
1683570907,3,172.16.251.90,???,
1683570907,4,*,*,*
1683570907,5,206.224.65.178,undefined.hostname.localhost,14593
1683570907,6,62.115.37.20,ffm-b11-link.ip.twelve99.net,1299
1683570907,7,62.115.124.118,ffm-bb2-link.ip.twelve99.net,1299
1683570907,8,62.115.124.61,mei-b5-link.ip.twelve99.net,1299
1683570907,9,*,*,*
1683570907,10,62.115.180.189,skbroadband-ic-374169.ip.twelve99-cust.net,1299
1683570907,11,1.255.76.100,???,9318
1683570907,12,*,*,*
1683570907,13,*,*,*
1683570907,14,140.91.230.12,???,31898
1683570907,15,*,*,*
1683570907,16,*,*,*
1683570907,17,*,*,*
1683570907,18,*,*,*
1683570907,19,*,*,*
1683570907,20,*,*,*
1683570907,21,*,*,*
1683570907,22,*,*,*
1683570907,23,*,*,*
1683570907,24,*,*,*
1683570907,25,*,*,*
1683570907,26,*,*,*
1683570907,27,*,*,*
1683570907,28,*,*,*
1683570907,29,*,*,*
1683573704,1,192.168.1.1,???,
1683573704,2,100.64.0.1,???,
1683573704,3,172.16.251.90,???,
1683573704,4,*,*,*
1683573704,5,206.224.65.178,undefined.hostname.localhost,14593
1683573704,6,62.115.37.20,ffm-b11-link.ip.twelve99.net,1299
1683573704,7,62.115.124.118,ffm-bb2-link.ip.twelve99.net,1299
1683573704,8,62.115.124.61,mei-b5-link.ip.twelve99.net,1299
1683573704,9,*,*,*
1683573704,10,62.115.180.189,skbroadband-ic-374169.ip.twelve99-cust.net,1299
1683573704,11,1.255.76.100,???,9318
1683573704,12,*,*,*
1683573704,13,*,*,*
1683573704,14,140.91.230.12,???,31898
1683573704,15,*,*,*
1683573704,16,*,*,*
1683573704,17,*,*,*
1683573704,18,*,*,*
1683573704,19,*,*,*
1683573704,20,*,*,*
1683573704,21,*,*,*
1683573704,22,*,*,*
1683573704,23,*,*,*
1683573704,24,*,*,*
1683573704,25,*,*,*
1683573704,26,*,*,*
1683573704,27,*,*,*
1683573704,28,*,*,*
1683573704,29,*,*,*
1683576616,1,192.168.1.1,???,
1683576616,2,100.64.0.1,???,
1683576616,3,172.16.251.90,???,
1683576616,4,*,*,*
1683576616,5,206.224.65.178,undefined.hostname.localhost,14593
1683576616,6,62.115.37.20,ffm-b11-link.ip.twelve99.net,1299
1683576616,7,62.115.124.118,ffm-bb2-link.ip.twelve99.net,1299
1683576616,8,62.115.124.61,mei-b5-link.ip.twelve99.net,1299
1683576616,9,*,*,*
1683576616,10,62.115.180.189,skbroadband-ic-374169.ip.twelve99-cust.net,1299
1683576616,11,1.255.76.100,???,9318
1683576616,12,*,*,*
1683576616,13,*,*,*
1683576616,14,140.91.230.12,???,31898
1683576616,15,*,*,*
1683576616,16,*,*,*
1683576616,17,*,*,*
1683576616,18,*,*,*
1683576616,19,*,*,*
1683576616,20,*,*,*
1683576616,21,*,*,*
1683576616,22,*,*,*
1683576616,23,*,*,*
1683576616,24,*,*,*
1683576616,25,*,*,*
1683576616,26,*,*,*
1683576616,27,*,*,*
1683576616,28,*,*,*
1683576616,29,*,*,*
1683579302,1,192.168.1.1,???,
1683579302,2,100.64.0.1,???,
1683579302,3,172.16.251.90,???,
1683579302,4,*,*,*
1683579302,5,206.224.65.178,undefined.hostname.localhost,14593
1683579302,6,62.115.37.20,ffm-b11-link.ip.twelve99.net,1299
1683579302,7,62.115.124.118,ffm-bb2-link.ip.twelve99.net,1299
1683579302,8,62.115.124.61,mei-b5-link.ip.twelve99.net,1299
1683579302,9,*,*,*
1683579302,10,62.115.180.189,skbroadband-ic-374169.ip.twelve99-cust.net,1299
1683579302,11,1.255.76.100,???,9318
1683579302,12,*,*,*
1683579302,13,*,*,*
1683579302,14,140.91.230.12,???,31898
1683579302,15,*,*,*
1683579302,16,*,*,*
1683579302,17,*,*,*
1683579302,18,*,*,*
1683579302,19,*,*,*
1683579302,20,*,*,*
1683579302,21,*,*,*
1683579302,22,*,*,*
1683579302,23,*,*,*
1683579302,24,*,*,*
1683579302,25,*,*,*
1683579302,26,*,*,*
1683579302,27,*,*,*
1683579302,28,*,*,*
1683579302,29,*,*,*
1683581610,1,192.168.1.1,???,
1683581610,2,100.64.0.1,???,
1683581610,3,172.16.251.90,???,
1683581610,4,*,*,*
1683581610,5,206.224.65.178,undefined.hostname.localhost,14593
1683581610,6,62.115.37.20,ffm-b11-link.ip.twelve99.net,1299
1683581610,7,62.115.124.118,ffm-bb2-link.ip.twelve99.net,1299
1683581610,8,62.115.124.61,mei-b5-link.ip.twelve99.net,1299
1683581610,9,*,*,*
1683581610,10,62.115.180.189,skbroadband-ic-374169.ip.twelve99-cust.net,1299
1683581610,11,1.255.76.100,???,9318
1683581610,12,*,*,*
1683581610,13,*,*,*
1683581610,14,140.91.230.12,???,31898
1683581610,15,*,*,*
1683581610,16,*,*,*
1683581610,17,*,*,*
1683581610,18,*,*,*
1683581610,19,*,*,*
1683581610,20,*,*,*
1683581610,21,*,*,*
1683581610,22,*,*,*
1683581610,23,*,*,*
1683581610,24,*,*,*
1683581610,25,*,*,*
1683581610,26,*,*,*
1683581610,27,*,*,*
1683581610,28,*,*,*
1683581610,29,*,*,*
1683583869,1,192.168.1.1,???,
1683583869,2,100.64.0.1,???,
1683583869,3,172.16.251.90,???,
1683583869,4,*,*,*
1683583869,5,206.224.65.178,undefined.hostname.localhost,14593
1683583869,6,62.115.37.20,ffm-b11-link.ip.twelve99.net,1299
1683583869,7,62.115.124.118,ffm-bb2-link.ip.twelve99.net,1299
1683583869,8,62.115.124.61,mei-b5-link.ip.twelve99.net,1299
1683583869,9,*,*,*
1683583869,10,62.115.180.189,skbroadband-ic-374169.ip.twelve99-cust.net,1299
1683583869,11,1.255.76.100,???,9318
1683583869,12,*,*,*
1683583869,13,*,*,*
1683583869,14,140.91.230.12,???,31898
1683583869,15,*,*,*
1683583869,16,*,*,*
1683583869,17,*,*,*
1683583869,18,*,*,*
1683583869,19,*,*,*
1683583869,20,*,*,*
1683583869,21,*,*,*
1683583869,22,*,*,*
1683583869,23,*,*,*
1683583869,24,*,*,*
1683583869,25,*,*,*
1683583869,26,*,*,*
1683583869,27,*,*,*
1683583869,28,*,*,*
1683583869,29,*,*,*
1683586050,1,192.168.1.1,???,
1683586050,2,100.64.0.1,???,
1683586050,3,172.16.251.90,???,
1683586050,4,*,*,*
1683586050,5,206.224.65.178,undefined.hostname.localhost,14593
1683586050,6,62.115.37.20,ffm-b11-link.ip.twelve99.net,1299
1683586050,7,62.115.124.118,ffm-bb2-link.ip.twelve99.net,1299
1683586050,8,62.115.124.61,mei-b5-link.ip.twelve99.net,1299
1683586050,9,*,*,*
1683586050,10,62.115.180.189,skbroadband-ic-374169.ip.twelve99-cust.net,1299
1683586050,11,1.255.76.100,???,9318
1683586050,12,*,*,*
1683586050,13,*,*,*
1683586050,14,140.91.230.12,???,31898
1683586050,15,*,*,*
1683586050,16,*,*,*
1683586050,17,*,*,*
1683586050,18,*,*,*
1683586050,19,*,*,*
1683586050,20,*,*,*
1683586050,21,*,*,*
1683586050,22,*,*,*
1683586050,23,*,*,*
1683586050,24,*,*,*
1683586050,25,*,*,*
1683586050,26,*,*,*
1683586050,27,*,*,*
1683586050,28,*,*,*
1683586050,29,*,*,*
1683588223,1,192.168.1.1,???,
1683588223,2,100.64.0.1,???,
1683588223,3,172.16.251.90,???,
1683588223,4,*,*,*
1683588223,5,206.224.65.178,undefined.hostname.localhost,14593
1683588223,6,62.115.37.20,ffm-b11-link.ip.twelve99.net,1299
1683588223,7,62.115.124.118,ffm-bb2-link.ip.twelve99.net,1299
1683588223,8,62.115.124.61,mei-b5-link.ip.twelve99.net,1299
1683588223,9,62.115.124.122,snge-b5-link.ip.twelve99.net,1299
1683588223,10,62.115.180.189,skbroadband-ic-374169.ip.twelve99-cust.net,1299
1683588223,11,1.255.76.100,???,9318
1683588223,12,*,*,*
1683588223,13,*,*,*
1683588223,14,140.91.230.12,???,31898
1683588223,15,*,*,*
1683588223,16,*,*,*
1683588223,17,*,*,*
1683588223,18,*,*,*
1683588223,19,*,*,*
1683588223,20,*,*,*
1683588223,21,*,*,*
1683588223,22,*,*,*
1683588223,23,*,*,*
1683588223,24,*,*,*
1683588223,25,*,*,*
1683588223,26,*,*,*
1683588223,27,*,*,*
1683588223,28,*,*,*
1683588223,29,*,*,*
1683590358,1,192.168.1.1,???,
1683590358,2,100.64.0.1,???,
1683590358,3,172.16.251.90,???,
1683590358,4,*,*,*
1683590358,5,206.224.65.178,undefined.hostname.localhost,14593
1683590358,6,62.115.37.20,ffm-b11-link.ip.twelve99.net,1299
1683590358,7,62.115.124.118,ffm-bb2-link.ip.twelve99.net,1299
1683590358,8,62.115.124.61,mei-b5-link.ip.twelve99.net,1299
1683590358,9,*,*,*
1683590358,10,62.115.180.189,skbroadband-ic-374169.ip.twelve99-cust.net,1299
1683590358,11,1.255.76.100,???,9318
1683590358,12,*,*,*
1683590358,13,*,*,*
1683590358,14,140.91.230.12,???,31898
1683590358,15,*,*,*
1683590358,16,*,*,*
1683590358,17,*,*,*
1683590358,18,*,*,*
1683590358,19,*,*,*
1683590358,20,*,*,*
1683590358,21,*,*,*
1683590358,22,*,*,*
1683590358,23,*,*,*
1683590358,24,*,*,*
1683590358,25,*,*,*
1683590358,26,*,*,*
1683590358,27,*,*,*
1683590358,28,*,*,*
1683590358,29,*,*,*
1683592541,1,192.168.1.1,???,
1683592541,2,100.64.0.1,???,
1683592541,3,172.16.251.90,???,
1683592541,4,*,*,*
1683592541,5,206.224.65.178,undefined.hostname.localhost,14593
1683592541,6,62.115.37.20,ffm-b11-link.ip.twelve99.net,1299
1683592541,7,62.115.124.118,ffm-bb2-link.ip.twelve99.net,1299
1683592541,8,62.115.124.61,mei-b5-link.ip.twelve99.net,1299
1683592541,9,*,*,*
1683592541,10,62.115.180.189,skbroadband-ic-374169.ip.twelve99-cust.net,1299
1683592541,11,1.255.76.100,???,9318
1683592541,12,*,*,*
1683592541,13,*,*,*
1683592541,14,140.91.230.12,???,31898
1683592541,15,*,*,*
1683592541,16,*,*,*
1683592541,17,*,*,*
1683592541,18,*,*,*
1683592541,19,*,*,*
1683592541,20,*,*,*
1683592541,21,*,*,*
1683592541,22,*,*,*
1683592541,23,*,*,*
1683592541,24,*,*,*
1683592541,25,*,*,*
1683592541,26,*,*,*
1683592541,27,*,*,*
1683592541,28,*,*,*
1683592541,29,*,*,*
1683594688,1,192.168.1.1,???,
1683594688,2,100.64.0.1,???,
1683594688,3,172.16.251.90,???,
1683594688,4,*,*,*
1683594688,5,206.224.65.178,undefined.hostname.localhost,14593
1683594688,6,62.115.37.20,ffm-b11-link.ip.twelve99.net,1299
1683594688,7,62.115.124.118,ffm-bb2-link.ip.twelve99.net,1299
1683594688,8,62.115.124.61,mei-b5-link.ip.twelve99.net,1299
1683594688,9,*,*,*
1683594688,10,62.115.180.189,skbroadband-ic-374169.ip.twelve99-cust.net,1299
1683594688,11,1.255.76.100,???,9318
1683594688,12,*,*,*
1683594688,13,*,*,*
1683594688,14,140.91.230.12,???,31898
1683594688,15,*,*,*
1683594688,16,*,*,*
1683594688,17,*,*,*
1683594688,18,*,*,*
1683594688,19,*,*,*
1683594688,20,*,*,*
1683594688,21,*,*,*
1683594688,22,*,*,*
1683594688,23,*,*,*
1683594688,24,*,*,*
1683594688,25,*,*,*
1683594688,26,*,*,*
1683594688,27,*,*,*
1683594688,28,*,*,*
1683594688,29,*,*,*
1683596861,1,192.168.1.1,???,
1683596861,2,100.64.0.1,???,
1683596861,3,172.16.251.90,???,
1683596861,4,*,*,*
1683596861,5,206.224.65.178,undefined.hostname.localhost,14593
1683596861,6,62.115.37.20,ffm-b11-link.ip.twelve99.net,1299
1683596861,7,62.115.124.118,ffm-bb2-link.ip.twelve99.net,1299
1683596861,8,62.115.124.61,mei-b5-link.ip.twelve99.net,1299
1683596861,9,*,*,*
1683596861,10,62.115.180.189,skbroadband-ic-374169.ip.twelve99-cust.net,1299
1683596861,11,1.255.76.100,???,9318
1683596861,12,*,*,*
1683596861,13,*,*,*
1683596861,14,140.91.230.12,???,31898
1683596861,15,*,*,*
1683596861,16,*,*,*
1683596861,17,*,*,*
1683596861,18,*,*,*
1683596861,19,*,*,*
1683596861,20,*,*,*
1683596861,21,*,*,*
1683596861,22,*,*,*
1683596861,23,*,*,*
1683596861,24,*,*,*
1683596861,25,*,*,*
1683596861,26,*,*,*
1683596861,27,*,*,*
1683596861,28,*,*,*
1683596861,29,*,*,*
1683599034,1,192.168.1.1,???,
1683599034,2,100.64.0.1,???,
1683599034,3,172.16.251.90,???,
1683599034,4,*,*,*
1683599034,5,206.224.65.178,undefined.hostname.localhost,14593
1683599034,6,62.115.37.20,ffm-b11-link.ip.twelve99.net,1299
1683599034,7,62.115.124.118,ffm-bb2-link.ip.twelve99.net,1299
1683599034,8,62.115.124.61,mei-b5-link.ip.twelve99.net,1299
1683599034,9,*,*,*
1683599034,10,62.115.180.189,skbroadband-ic-374169.ip.twelve99-cust.net,1299
1683599034,11,1.255.76.100,???,9318
1683599034,12,*,*,*
1683599034,13,*,*,*
1683599034,14,140.91.230.12,???,31898
1683599034,15,*,*,*
1683599034,16,*,*,*
1683599034,17,*,*,*
1683599034,18,*,*,*
1683599034,19,*,*,*
1683599034,20,*,*,*
1683599034,21,*,*,*
1683599034,22,*,*,*
1683599034,23,*,*,*
1683599034,24,*,*,*
1683599034,25,*,*,*
1683599034,26,*,*,*
1683599034,27,*,*,*
1683599034,28,*,*,*
1683599034,29,*,*,*
1683601243,1,192.168.1.1,???,
1683601243,2,100.64.0.1,???,
1683601243,3,172.16.251.90,???,
1683601243,4,*,*,*
1683601243,5,206.224.65.178,undefined.hostname.localhost,14593
1683601243,6,62.115.37.20,ffm-b11-link.ip.twelve99.net,1299
1683601243,7,62.115.124.118,ffm-bb2-link.ip.twelve99.net,1299
1683601243,8,62.115.124.61,mei-b5-link.ip.twelve99.net,1299
1683601243,9,*,*,*
1683601243,10,62.115.180.189,skbroadband-ic-374169.ip.twelve99-cust.net,1299
1683601243,11,1.255.76.100,???,9318
1683601243,12,*,*,*
1683601243,13,*,*,*
1683601243,14,140.91.230.12,???,31898
1683601243,15,*,*,*
1683601243,16,*,*,*
1683601243,17,*,*,*
1683601243,18,*,*,*
1683601243,19,*,*,*
1683601243,20,*,*,*
1683601243,21,*,*,*
1683601243,22,*,*,*
1683601243,23,*,*,*
1683601243,24,*,*,*
1683601243,25,*,*,*
1683601243,26,*,*,*
1683601243,27,*,*,*
1683601243,28,*,*,*
1683601243,29,*,*,*
1683603431,1,192.168.1.1,???,
1683603431,2,100.64.0.1,???,
1683603431,3,172.16.251.90,???,
1683603431,4,*,*,*
1683603431,5,206.224.65.178,undefined.hostname.localhost,14593
1683603431,6,62.115.37.20,ffm-b11-link.ip.twelve99.net,1299
1683603431,7,62.115.124.118,ffm-bb2-link.ip.twelve99.net,1299
1683603431,8,62.115.124.61,mei-b5-link.ip.twelve99.net,1299
1683603431,9,62.115.124.122,snge-b5-link.ip.twelve99.net,1299
1683603431,10,62.115.180.189,skbroadband-ic-374169.ip.twelve99-cust.net,1299
1683603431,11,1.255.76.100,???,9318
1683603431,12,*,*,*
1683603431,13,*,*,*
1683603431,14,140.91.230.12,???,31898
1683603431,15,*,*,*
1683603431,16,*,*,*
1683603431,17,*,*,*
1683603431,18,*,*,*
1683603431,19,*,*,*
1683603431,20,*,*,*
1683603431,21,*,*,*
1683603431,22,*,*,*
1683603431,23,*,*,*
1683603431,24,*,*,*
1683603431,25,*,*,*
1683603431,26,*,*,*
1683603431,27,*,*,*
1683603431,28,*,*,*
1683603431,29,*,*,*
1683605665,1,192.168.1.1,???,
1683605665,2,100.64.0.1,???,
1683605665,3,172.16.251.90,???,
1683605665,4,*,*,*
1683605665,5,206.224.65.178,undefined.hostname.localhost,14593
1683605665,6,62.115.37.20,ffm-b11-link.ip.twelve99.net,1299
1683605665,7,62.115.124.118,ffm-bb2-link.ip.twelve99.net,1299
1683605665,8,62.115.124.61,mei-b5-link.ip.twelve99.net,1299
1683605665,9,*,*,*
1683605665,10,62.115.180.189,skbroadband-ic-374169.ip.twelve99-cust.net,1299
1683605665,11,1.255.76.100,???,9318
1683605665,12,*,*,*
1683605665,13,*,*,*
1683605665,14,140.91.230.12,???,31898
1683605665,15,*,*,*
1683605665,16,*,*,*
1683605665,17,*,*,*
1683605665,18,*,*,*
1683605665,19,*,*,*
1683605665,20,*,*,*
1683605665,21,*,*,*
1683605665,22,*,*,*
1683605665,23,*,*,*
1683605665,24,*,*,*
1683605665,25,*,*,*
1683605665,26,*,*,*
1683605665,27,*,*,*
1683605665,28,*,*,*
1683605665,29,*,*,*
1683608039,1,192.168.1.1,???,
1683608039,2,100.64.0.1,???,
1683608039,3,172.16.251.90,???,
1683608039,4,*,*,*
1683608039,5,206.224.65.178,undefined.hostname.localhost,14593
1683608039,6,62.115.37.20,ffm-b11-link.ip.twelve99.net,1299
1683608039,7,62.115.124.118,ffm-bb2-link.ip.twelve99.net,1299
1683608039,8,62.115.124.61,mei-b5-link.ip.twelve99.net,1299
1683608039,9,*,*,*
1683608039,10,62.115.180.189,skbroadband-ic-374169.ip.twelve99-cust.net,1299
1683608039,11,1.255.76.100,???,9318
1683608039,12,*,*,*
1683608039,13,*,*,*
1683608039,14,140.91.230.12,???,31898
1683608039,15,*,*,*
1683608039,16,*,*,*
1683608039,17,*,*,*
1683608039,18,*,*,*
1683608039,19,*,*,*
1683608039,20,*,*,*
1683608039,21,*,*,*
1683608039,22,*,*,*
1683608039,23,*,*,*
1683608039,24,*,*,*
1683608039,25,*,*,*
1683608039,26,*,*,*
1683608039,27,*,*,*
1683608039,28,*,*,*
1683608039,29,*,*,*
1683610644,1,192.168.1.1,???,
1683610644,2,100.64.0.1,???,
1683610644,3,172.16.251.90,???,
1683610644,4,*,*,*
1683610644,5,206.224.65.178,undefined.hostname.localhost,14593
1683610644,6,62.115.37.20,ffm-b11-link.ip.twelve99.net,1299
1683610644,7,62.115.124.118,ffm-bb2-link.ip.twelve99.net,1299
1683610644,8,62.115.124.61,mei-b5-link.ip.twelve99.net,1299
1683610644,9,*,*,*
1683610644,10,62.115.180.189,skbroadband-ic-374169.ip.twelve99-cust.net,1299
1683610644,11,1.255.76.100,???,9318
1683610644,12,*,*,*
1683610644,13,*,*,*
1683610644,14,140.91.230.12,???,31898
1683610644,15,*,*,*
1683610644,16,*,*,*
1683610644,17,*,*,*
1683610644,18,*,*,*
1683610644,19,*,*,*
1683610644,20,*,*,*
1683610644,21,*,*,*
1683610644,22,*,*,*
1683610644,23,*,*,*
1683610644,24,*,*,*
1683610644,25,*,*,*
1683610644,26,*,*,*
1683610644,27,*,*,*
1683610644,28,*,*,*
1683610644,29,*,*,*
1683613523,1,192.168.1.1,???,
1683613523,2,100.64.0.1,???,
1683613523,3,172.16.251.90,???,
1683613523,4,*,*,*
1683613523,5,206.224.65.178,undefined.hostname.localhost,14593
1683613523,6,62.115.37.20,ffm-b11-link.ip.twelve99.net,1299
1683613523,7,62.115.124.118,ffm-bb2-link.ip.twelve99.net,1299
1683613523,8,62.115.124.61,mei-b5-link.ip.twelve99.net,1299
1683613523,9,62.115.124.122,snge-b5-link.ip.twelve99.net,1299
1683613523,10,62.115.180.189,skbroadband-ic-374169.ip.twelve99-cust.net,1299
1683613523,11,1.255.76.100,???,9318
1683613523,12,*,*,*
1683613523,13,*,*,*
1683613523,14,140.91.230.12,???,31898
1683613523,15,*,*,*
1683613523,16,*,*,*
1683613523,17,*,*,*
1683613523,18,*,*,*
1683613523,19,*,*,*
1683613523,20,*,*,*
1683613523,21,*,*,*
1683613523,22,*,*,*
1683613523,23,*,*,*
1683613523,24,*,*,*
1683613523,25,*,*,*
1683613523,26,*,*,*
1683613523,27,*,*,*
1683613523,28,*,*,*
1683613523,29,*,*,*
1683616666,1,192.168.1.1,???,
1683616666,2,100.64.0.1,???,
1683616666,3,172.16.251.90,???,
1683616666,4,*,*,*
1683616666,5,206.224.65.178,undefined.hostname.localhost,14593
1683616666,6,62.115.37.20,ffm-b11-link.ip.twelve99.net,1299
1683616666,7,62.115.124.118,ffm-bb2-link.ip.twelve99.net,1299
1683616666,8,62.115.124.61,mei-b5-link.ip.twelve99.net,1299
1683616666,9,*,*,*
1683616666,10,62.115.180.189,skbroadband-ic-374169.ip.twelve99-cust.net,1299
1683616666,11,1.255.76.100,???,9318
1683616666,12,*,*,*
1683616666,13,*,*,*
1683616666,14,140.91.230.12,???,31898
1683616666,15,*,*,*
1683616666,16,*,*,*
1683616666,17,*,*,*
1683616666,18,*,*,*
1683616666,19,*,*,*
1683616666,20,*,*,*
1683616666,21,*,*,*
1683616666,22,*,*,*
1683616666,23,*,*,*
1683616666,24,*,*,*
1683616666,25,*,*,*
1683616666,26,*,*,*
1683616666,27,*,*,*
1683616666,28,*,*,*
1683616666,29,*,*,*
1683619844,1,192.168.1.1,???,
1683619844,2,100.64.0.1,???,
1683619844,3,172.16.251.90,???,
1683619844,4,*,*,*
1683619844,5,206.224.65.178,undefined.hostname.localhost,14593
1683619844,6,62.115.37.20,ffm-b11-link.ip.twelve99.net,1299
1683619844,7,62.115.124.118,ffm-bb2-link.ip.twelve99.net,1299
1683619844,8,62.115.124.61,mei-b5-link.ip.twelve99.net,1299
1683619844,9,*,*,*
1683619844,10,62.115.180.189,skbroadband-ic-374169.ip.twelve99-cust.net,1299
1683619844,11,1.255.76.100,???,9318
1683619844,12,*,*,*
1683619844,13,*,*,*
1683619844,14,140.91.230.12,???,31898
1683619844,15,*,*,*
1683619844,16,*,*,*
1683619844,17,*,*,*
1683619844,18,*,*,*
1683619844,19,*,*,*
1683619844,20,*,*,*
1683619844,21,*,*,*
1683619844,22,*,*,*
1683619844,23,*,*,*
1683619844,24,*,*,*
1683619844,25,*,*,*
1683619844,26,*,*,*
1683619844,27,*,*,*
1683619844,28,*,*,*
1683619844,29,*,*,*
1683622654,1,192.168.1.1,???,
1683622654,2,100.64.0.1,???,
1683622654,3,172.16.251.90,???,
1683622654,4,*,*,*
1683622654,5,206.224.65.178,undefined.hostname.localhost,14593
1683622654,6,62.115.37.20,ffm-b11-link.ip.twelve99.net,1299
1683622654,7,62.115.124.118,ffm-bb2-link.ip.twelve99.net,1299
1683622654,8,62.115.124.61,mei-b5-link.ip.twelve99.net,1299
1683622654,9,62.115.124.122,snge-b5-link.ip.twelve99.net,1299
1683622654,10,62.115.180.189,skbroadband-ic-374169.ip.twelve99-cust.net,1299
1683622654,11,1.255.76.100,???,9318
1683622654,12,*,*,*
1683622654,13,*,*,*
1683622654,14,140.91.230.12,???,31898
1683622654,15,*,*,*
1683622654,16,*,*,*
1683622654,17,*,*,*
1683622654,18,*,*,*
1683622654,19,*,*,*
1683622654,20,*,*,*
1683622654,21,*,*,*
1683622654,22,*,*,*
1683622654,23,*,*,*
1683622654,24,*,*,*
1683622654,25,*,*,*
1683622654,26,*,*,*
1683622654,27,*,*,*
1683622654,28,*,*,*
1683622654,29,*,*,*
1683625582,1,192.168.1.1,???,
1683625582,2,100.64.0.1,???,
1683625582,3,172.16.251.90,???,
1683625582,4,*,*,*
1683625582,5,206.224.65.178,undefined.hostname.localhost,14593
1683625582,6,62.115.37.20,ffm-b11-link.ip.twelve99.net,1299
1683625582,7,62.115.124.118,ffm-bb2-link.ip.twelve99.net,1299
1683625582,8,62.115.124.61,mei-b5-link.ip.twelve99.net,1299
1683625582,9,*,*,*
1683625582,10,62.115.180.189,skbroadband-ic-374169.ip.twelve99-cust.net,1299
1683625582,11,1.255.76.100,???,9318
1683625582,12,*,*,*
1683625582,13,*,*,*
1683625582,14,140.91.230.12,???,31898
1683625582,15,*,*,*
1683625582,16,*,*,*
1683625582,17,*,*,*
1683625582,18,*,*,*
1683625582,19,*,*,*
1683625582,20,*,*,*
1683625582,21,*,*,*
1683625582,22,*,*,*
1683625582,23,*,*,*
1683625582,24,*,*,*
1683625582,25,*,*,*
1683625582,26,*,*,*
1683625582,27,*,*,*
1683625582,28,*,*,*
1683625582,29,*,*,*
1683628635,1,192.168.1.1,???,
1683628635,2,100.64.0.1,???,
1683628635,3,172.16.251.90,???,
1683628635,4,*,*,*
1683628635,5,206.224.65.178,undefined.hostname.localhost,14593
1683628635,6,62.115.37.20,ffm-b11-link.ip.twelve99.net,1299
1683628635,7,62.115.124.118,ffm-bb2-link.ip.twelve99.net,1299
1683628635,8,62.115.124.61,mei-b5-link.ip.twelve99.net,1299
1683628635,9,*,*,*
1683628635,10,62.115.180.189,skbroadband-ic-374169.ip.twelve99-cust.net,1299
1683628635,11,1.255.76.100,???,9318
1683628635,12,*,*,*
1683628635,13,*,*,*
1683628635,14,140.91.230.12,???,31898
1683628635,15,*,*,*
1683628635,16,*,*,*
1683628635,17,*,*,*
1683628635,18,*,*,*
1683628635,19,*,*,*
1683628635,20,*,*,*
1683628635,21,*,*,*
1683628635,22,*,*,*
1683628635,23,*,*,*
1683628635,24,*,*,*
1683628635,25,*,*,*
1683628635,26,*,*,*
1683628635,27,*,*,*
1683628635,28,*,*,*
1683628635,29,*,*,*
