timestamp  ,ttl ,ip              ,hostname                                    ,asn
1683451737 ,  1 ,131.159.14.129  ,ac.scylla.net.in.tum.de                     ,209335
1683451737 ,  2 ,131.159.252.147 ,nz-bb1-net.in.tum.de                        ,209335
1683451737 ,  3 ,131.159.252.2   ,nz-csr1-kw5-bb1.rbg.tum.de                  ,209335
1683451737 ,  4 ,129.187.0.149   ,vl-3010.csr1-2wr.lrz.de                     ,12816
1683451737 ,  5 ,188.1.37.89     ,cr-gar1-be2-147.x-win.dfn.de                ,680
1683451737 ,  6 ,188.1.144.213   ,cr-erl2-be5.x-win.dfn.de                    ,680
1683451737 ,  7 ,80.81.194.26    ,xe-1-2-0.mpr1.fra4.de.above.net             ,
1683451737 ,  8 ,*               ,*                                           ,*
1683451737 ,  9 ,64.125.26.105   ,ae4.mpr1.mrs1.fr.zip.zayo.com               ,6461
1683451737 , 10 ,94.31.40.5      ,94.31.40.5.IPYX-289561-900-ZYO.zip.zayo.com ,6461
1683451737 , 11 ,*               ,*                                           ,*
1683451737 , 12 ,140.91.204.21   ,???                                         ,31898
1683451737 , 13 ,*               ,*                                           ,*
1683451737 , 14 ,*               ,*                                           ,*
1683451737 , 15 ,*               ,*                                           ,*
1683451737 , 16 ,*               ,*                                           ,*
1683451737 , 17 ,*               ,*                                           ,*
1683451737 , 18 ,*               ,*                                           ,*
1683451737 , 19 ,*               ,*                                           ,*
1683451737 , 20 ,*               ,*                                           ,*
1683451737 , 21 ,*               ,*                                           ,*
1683451737 , 22 ,*               ,*                                           ,*
1683451737 , 23 ,*               ,*                                           ,*
1683451737 , 24 ,*               ,*                                           ,*
1683451737 , 25 ,*               ,*                                           ,*
1683451737 , 26 ,*               ,*                                           ,*
1683451737 , 27 ,*               ,*                                           ,*
1683451737 , 28 ,*               ,*                                           ,*
1683451737 , 29 ,*               ,*                                           ,*
1683468159 ,  1 ,131.159.14.129  ,ac.scylla.net.in.tum.de                     ,209335
1683468159 ,  2 ,131.159.252.147 ,nz-bb1-net.in.tum.de                        ,209335
1683468159 ,  3 ,131.159.252.2   ,nz-csr1-kw5-bb1.rbg.tum.de                  ,209335
1683468159 ,  4 ,129.187.0.149   ,vl-3010.csr1-2wr.lrz.de                     ,12816
1683468159 ,  5 ,188.1.37.89     ,cr-gar1-be2-147.x-win.dfn.de                ,680
1683468159 ,  6 ,188.1.144.213   ,cr-erl2-be5.x-win.dfn.de                    ,680
1683468159 ,  7 ,80.81.194.26    ,xe-1-2-0.mpr1.fra4.de.above.net             ,
1683468159 ,  8 ,*               ,*                                           ,*
1683468159 ,  9 ,64.125.26.105   ,ae4.mpr1.mrs1.fr.zip.zayo.com               ,6461
1683468159 , 10 ,94.31.40.5      ,94.31.40.5.IPYX-289561-900-ZYO.zip.zayo.com ,6461
1683468159 , 11 ,*               ,*                                           ,*
1683468159 , 12 ,140.91.204.21   ,???                                         ,31898
1683468159 , 13 ,*               ,*                                           ,*
1683468159 , 14 ,*               ,*                                           ,*
1683468159 , 15 ,*               ,*                                           ,*
1683468159 , 16 ,*               ,*                                           ,*
1683468159 , 17 ,*               ,*                                           ,*
1683468159 , 18 ,*               ,*                                           ,*
1683468159 , 19 ,*               ,*                                           ,*
1683468159 , 20 ,*               ,*                                           ,*
1683468159 , 21 ,*               ,*                                           ,*
1683468159 , 22 ,*               ,*                                           ,*
1683468159 , 23 ,*               ,*                                           ,*
1683468159 , 24 ,*               ,*                                           ,*
1683468159 , 25 ,*               ,*                                           ,*
1683468159 , 26 ,*               ,*                                           ,*
1683468159 , 27 ,*               ,*                                           ,*
1683468159 , 28 ,*               ,*                                           ,*
1683468159 , 29 ,*               ,*                                           ,*
1683483028,1,131.159.14.129,ac.scylla.net.in.tum.de,209335
1683483028,2,131.159.252.147,nz-bb1-net.in.tum.de,209335
1683483028,3,131.159.252.2,nz-csr1-kw5-bb1.rbg.tum.de,209335
1683483028,4,129.187.0.149,vl-3010.csr1-2wr.lrz.de,12816
1683483028,5,188.1.37.89,cr-gar1-be2-147.x-win.dfn.de,680
1683483028,6,188.1.144.213,cr-erl2-be5.x-win.dfn.de,680
1683483028,7,80.81.194.26,xe-1-2-0.mpr1.fra4.de.above.net,
1683483028,8,*,*,*
1683483028,9,64.125.26.105,ae4.mpr1.mrs1.fr.zip.zayo.com,6461
1683483028,10,94.31.40.5,94.31.40.5.IPYX-289561-900-ZYO.zip.zayo.com,6461
1683483028,11,*,*,*
1683483028,12,140.91.204.21,???,31898
1683483028,13,*,*,*
1683483028,14,*,*,*
1683483028,15,*,*,*
1683483028,16,*,*,*
1683483028,17,*,*,*
1683483028,18,*,*,*
1683483028,19,*,*,*
1683483028,20,*,*,*
1683483028,21,*,*,*
1683483028,22,*,*,*
1683483028,23,*,*,*
1683483028,24,*,*,*
1683483028,25,*,*,*
1683483028,26,*,*,*
1683483028,27,*,*,*
1683483028,28,*,*,*
1683483028,29,*,*,*
1683486092,1,131.159.14.129,ac.scylla.net.in.tum.de,209335
1683486092,2,131.159.252.147,nz-bb1-net.in.tum.de,209335
1683486092,3,131.159.252.2,nz-csr1-kw5-bb1.rbg.tum.de,209335
1683486092,4,129.187.0.149,vl-3010.csr1-2wr.lrz.de,12816
1683486092,5,188.1.37.89,cr-gar1-be2-147.x-win.dfn.de,680
1683486092,6,188.1.144.213,cr-erl2-be5.x-win.dfn.de,680
1683486092,7,80.81.194.26,xe-1-2-0.mpr1.fra4.de.above.net,
1683486092,8,*,*,*
1683486092,9,64.125.26.105,ae4.mpr1.mrs1.fr.zip.zayo.com,6461
1683486092,10,94.31.40.5,94.31.40.5.IPYX-289561-900-ZYO.zip.zayo.com,6461
1683486092,11,*,*,*
1683486092,12,140.91.204.21,???,31898
1683486092,13,*,*,*
1683486092,14,*,*,*
1683486092,15,*,*,*
1683486092,16,*,*,*
1683486092,17,*,*,*
1683486092,18,*,*,*
1683486092,19,*,*,*
1683486092,20,*,*,*
1683486092,21,*,*,*
1683486092,22,*,*,*
1683486092,23,*,*,*
1683486092,24,*,*,*
1683486092,25,*,*,*
1683486092,26,*,*,*
1683486092,27,*,*,*
1683486092,28,*,*,*
1683486092,29,*,*,*
1683489103,1,131.159.14.129,ac.scylla.net.in.tum.de,209335
1683489103,2,131.159.252.147,nz-bb1-net.in.tum.de,209335
1683489103,3,131.159.252.2,nz-csr1-kw5-bb1.rbg.tum.de,209335
1683489103,4,129.187.0.149,vl-3010.csr1-2wr.lrz.de,12816
1683489103,5,188.1.37.89,cr-gar1-be2-147.x-win.dfn.de,680
1683489103,6,188.1.144.213,cr-erl2-be5.x-win.dfn.de,680
1683489103,7,80.81.194.26,xe-1-2-0.mpr1.fra4.de.above.net,
1683489103,8,*,*,*
1683489103,9,64.125.26.105,ae4.mpr1.mrs1.fr.zip.zayo.com,6461
1683489103,10,94.31.40.5,94.31.40.5.IPYX-289561-900-ZYO.zip.zayo.com,6461
1683489103,11,*,*,*
1683489103,12,140.91.204.21,???,31898
1683489103,13,*,*,*
1683489103,14,*,*,*
1683489103,15,*,*,*
1683489103,16,*,*,*
1683489103,17,*,*,*
1683489103,18,*,*,*
1683489103,19,*,*,*
1683489103,20,*,*,*
1683489103,21,*,*,*
1683489103,22,*,*,*
1683489103,23,*,*,*
1683489103,24,*,*,*
1683489103,25,*,*,*
1683489103,26,*,*,*
1683489103,27,*,*,*
1683489103,28,*,*,*
1683489103,29,*,*,*
1683491869,1,131.159.14.129,ac.scylla.net.in.tum.de,209335
1683491869,2,131.159.252.147,nz-bb1-net.in.tum.de,209335
1683491869,3,131.159.252.2,nz-csr1-kw5-bb1.rbg.tum.de,209335
1683491869,4,129.187.0.149,vl-3010.csr1-2wr.lrz.de,12816
1683491869,5,188.1.37.89,cr-gar1-be2-147.x-win.dfn.de,680
1683491869,6,188.1.144.213,cr-erl2-be5.x-win.dfn.de,680
1683491869,7,80.81.194.26,xe-1-2-0.mpr1.fra4.de.above.net,
1683491869,8,*,*,*
1683491869,9,64.125.26.105,ae4.mpr1.mrs1.fr.zip.zayo.com,6461
1683491869,10,94.31.40.5,94.31.40.5.IPYX-289561-900-ZYO.zip.zayo.com,6461
1683491869,11,*,*,*
1683491869,12,140.91.204.21,???,31898
1683491869,13,*,*,*
1683491869,14,*,*,*
1683491869,15,*,*,*
1683491869,16,*,*,*
1683491869,17,*,*,*
1683491869,18,*,*,*
1683491869,19,*,*,*
1683491869,20,*,*,*
1683491869,21,*,*,*
1683491869,22,*,*,*
1683491869,23,*,*,*
1683491869,24,*,*,*
1683491869,25,*,*,*
1683491869,26,*,*,*
1683491869,27,*,*,*
1683491869,28,*,*,*
1683491869,29,*,*,*
1683494257,1,131.159.14.129,ac.scylla.net.in.tum.de,209335
1683494257,2,131.159.252.147,nz-bb1-net.in.tum.de,209335
1683494257,3,131.159.252.2,nz-csr1-kw5-bb1.rbg.tum.de,209335
1683494257,4,129.187.0.149,vl-3010.csr1-2wr.lrz.de,12816
1683494257,5,188.1.37.89,cr-gar1-be2-147.x-win.dfn.de,680
1683494257,6,188.1.144.213,cr-erl2-be5.x-win.dfn.de,680
1683494257,7,80.81.194.26,xe-1-2-0.mpr1.fra4.de.above.net,
1683494257,8,64.125.26.172,ae12.cs1.fra6.de.eth.zayo.com,6461
1683494257,9,64.125.26.105,ae4.mpr1.mrs1.fr.zip.zayo.com,6461
1683494257,10,94.31.40.5,94.31.40.5.IPYX-289561-900-ZYO.zip.zayo.com,6461
1683494257,11,*,*,*
1683494257,12,140.91.204.21,???,31898
1683494257,13,*,*,*
1683494257,14,*,*,*
1683494257,15,*,*,*
1683494257,16,*,*,*
1683494257,17,*,*,*
1683494257,18,*,*,*
1683494257,19,*,*,*
1683494257,20,*,*,*
1683494257,21,*,*,*
1683494257,22,*,*,*
1683494257,23,*,*,*
1683494257,24,*,*,*
1683494257,25,*,*,*
1683494257,26,*,*,*
1683494257,27,*,*,*
1683494257,28,*,*,*
1683494257,29,*,*,*
1683496496,1,131.159.14.129,ac.scylla.net.in.tum.de,209335
1683496496,2,131.159.252.147,nz-bb1-net.in.tum.de,209335
1683496496,3,131.159.252.2,nz-csr1-kw5-bb1.rbg.tum.de,209335
1683496496,4,129.187.0.149,vl-3010.csr1-2wr.lrz.de,12816
1683496496,5,188.1.37.89,cr-gar1-be2-147.x-win.dfn.de,680
1683496496,6,188.1.144.213,cr-erl2-be5.x-win.dfn.de,680
1683496496,7,80.81.194.26,xe-1-2-0.mpr1.fra4.de.above.net,
1683496496,8,*,*,*
1683496496,9,64.125.26.105,ae4.mpr1.mrs1.fr.zip.zayo.com,6461
1683496496,10,94.31.40.5,94.31.40.5.IPYX-289561-900-ZYO.zip.zayo.com,6461
1683496496,11,*,*,*
1683496496,12,140.91.204.21,???,31898
1683496496,13,*,*,*
1683496496,14,*,*,*
1683496496,15,*,*,*
1683496496,16,*,*,*
1683496496,17,*,*,*
1683496496,18,*,*,*
1683496496,19,*,*,*
1683496496,20,*,*,*
1683496496,21,*,*,*
1683496496,22,*,*,*
1683496496,23,*,*,*
1683496496,24,*,*,*
1683496496,25,*,*,*
1683496496,26,*,*,*
1683496496,27,*,*,*
1683496496,28,*,*,*
1683496496,29,*,*,*
1683498746,1,131.159.14.129,ac.scylla.net.in.tum.de,209335
1683498746,2,131.159.252.147,nz-bb1-net.in.tum.de,209335
1683498746,3,131.159.252.2,nz-csr1-kw5-bb1.rbg.tum.de,209335
1683498746,4,129.187.0.149,vl-3010.csr1-2wr.lrz.de,12816
1683498746,5,188.1.37.89,cr-gar1-be2-147.x-win.dfn.de,680
1683498746,6,188.1.144.213,cr-erl2-be5.x-win.dfn.de,680
1683498746,7,80.81.194.26,xe-1-2-0.mpr1.fra4.de.above.net,
1683498746,8,*,*,*
1683498746,9,64.125.26.105,ae4.mpr1.mrs1.fr.zip.zayo.com,6461
1683498746,10,94.31.40.5,94.31.40.5.IPYX-289561-900-ZYO.zip.zayo.com,6461
1683498746,11,*,*,*
1683498746,12,140.91.204.21,???,31898
1683498746,13,*,*,*
1683498746,14,*,*,*
1683498746,15,*,*,*
1683498746,16,*,*,*
1683498746,17,*,*,*
1683498746,18,*,*,*
1683498746,19,*,*,*
1683498746,20,*,*,*
1683498746,21,*,*,*
1683498746,22,*,*,*
1683498746,23,*,*,*
1683498746,24,*,*,*
1683498746,25,*,*,*
1683498746,26,*,*,*
1683498746,27,*,*,*
1683498746,28,*,*,*
1683498746,29,*,*,*
1683500941,1,131.159.14.129,ac.scylla.net.in.tum.de,209335
1683500941,2,131.159.252.147,nz-bb1-net.in.tum.de,209335
1683500941,3,131.159.252.2,nz-csr1-kw5-bb1.rbg.tum.de,209335
1683500941,4,129.187.0.149,vl-3010.csr1-2wr.lrz.de,12816
1683500941,5,188.1.37.89,cr-gar1-be2-147.x-win.dfn.de,680
1683500941,6,188.1.144.213,cr-erl2-be5.x-win.dfn.de,680
1683500941,7,80.81.194.26,xe-1-2-0.mpr1.fra4.de.above.net,
1683500941,8,*,*,*
1683500941,9,64.125.26.105,ae4.mpr1.mrs1.fr.zip.zayo.com,6461
1683500941,10,94.31.40.5,94.31.40.5.IPYX-289561-900-ZYO.zip.zayo.com,6461
1683500941,11,*,*,*
1683500941,12,140.91.204.21,???,31898
1683500941,13,*,*,*
1683500941,14,*,*,*
1683500941,15,*,*,*
1683500941,16,*,*,*
1683500941,17,*,*,*
1683500941,18,*,*,*
1683500941,19,*,*,*
1683500941,20,*,*,*
1683500941,21,*,*,*
1683500941,22,*,*,*
1683500941,23,*,*,*
1683500941,24,*,*,*
1683500941,25,*,*,*
1683500941,26,*,*,*
1683500941,27,*,*,*
1683500941,28,*,*,*
1683500941,29,*,*,*
1683503125,1,131.159.14.129,ac.scylla.net.in.tum.de,209335
1683503125,2,131.159.252.147,nz-bb1-net.in.tum.de,209335
1683503125,3,131.159.252.2,nz-csr1-kw5-bb1.rbg.tum.de,209335
1683503125,4,129.187.0.149,vl-3010.csr1-2wr.lrz.de,12816
1683503125,5,188.1.37.89,cr-gar1-be2-147.x-win.dfn.de,680
1683503125,6,188.1.144.213,cr-erl2-be5.x-win.dfn.de,680
1683503125,7,80.81.194.26,xe-1-2-0.mpr1.fra4.de.above.net,
1683503125,8,64.125.26.172,ae12.cs1.fra6.de.eth.zayo.com,6461
1683503125,9,64.125.26.105,ae4.mpr1.mrs1.fr.zip.zayo.com,6461
1683503125,10,94.31.40.5,94.31.40.5.IPYX-289561-900-ZYO.zip.zayo.com,6461
1683503125,11,*,*,*
1683503125,12,140.91.204.21,???,31898
1683503125,13,*,*,*
1683503125,14,*,*,*
1683503125,15,*,*,*
1683503125,16,*,*,*
1683503125,17,*,*,*
1683503125,18,*,*,*
1683503125,19,*,*,*
1683503125,20,*,*,*
1683503125,21,*,*,*
1683503125,22,*,*,*
1683503125,23,*,*,*
1683503125,24,*,*,*
1683503125,25,*,*,*
1683503125,26,*,*,*
1683503125,27,*,*,*
1683503125,28,*,*,*
1683503125,29,*,*,*
1683505300,1,131.159.14.129,ac.scylla.net.in.tum.de,209335
1683505300,2,131.159.252.147,nz-bb1-net.in.tum.de,209335
1683505300,3,131.159.252.2,nz-csr1-kw5-bb1.rbg.tum.de,209335
1683505300,4,129.187.0.149,vl-3010.csr1-2wr.lrz.de,12816
1683505300,5,188.1.37.89,cr-gar1-be2-147.x-win.dfn.de,680
1683505300,6,188.1.144.213,cr-erl2-be5.x-win.dfn.de,680
1683505300,7,80.81.194.26,xe-1-2-0.mpr1.fra4.de.above.net,
1683505300,8,*,*,*
1683505300,9,64.125.26.105,ae4.mpr1.mrs1.fr.zip.zayo.com,6461
1683505300,10,94.31.40.5,94.31.40.5.IPYX-289561-900-ZYO.zip.zayo.com,6461
1683505300,11,*,*,*
1683505300,12,140.91.204.21,???,31898
1683505300,13,*,*,*
1683505300,14,*,*,*
1683505300,15,*,*,*
1683505300,16,*,*,*
1683505300,17,*,*,*
1683505300,18,*,*,*
1683505300,19,*,*,*
1683505300,20,*,*,*
1683505300,21,*,*,*
1683505300,22,*,*,*
1683505300,23,*,*,*
1683505300,24,*,*,*
1683505300,25,*,*,*
1683505300,26,*,*,*
1683505300,27,*,*,*
1683505300,28,*,*,*
1683505300,29,*,*,*
1683507474,1,131.159.14.129,ac.scylla.net.in.tum.de,209335
1683507474,2,131.159.252.147,nz-bb1-net.in.tum.de,209335
1683507474,3,131.159.252.2,nz-csr1-kw5-bb1.rbg.tum.de,209335
1683507474,4,129.187.0.149,vl-3010.csr1-2wr.lrz.de,12816
1683507474,5,188.1.37.89,cr-gar1-be2-147.x-win.dfn.de,680
1683507474,6,188.1.144.213,cr-erl2-be5.x-win.dfn.de,680
1683507474,7,80.81.194.26,xe-1-2-0.mpr1.fra4.de.above.net,
1683507474,8,64.125.26.172,ae12.cs1.fra6.de.eth.zayo.com,6461
1683507474,9,64.125.26.105,ae4.mpr1.mrs1.fr.zip.zayo.com,6461
1683507474,10,94.31.40.5,94.31.40.5.IPYX-289561-900-ZYO.zip.zayo.com,6461
1683507474,11,*,*,*
1683507474,12,140.91.204.21,???,31898
1683507474,13,*,*,*
1683507474,14,*,*,*
1683507474,15,*,*,*
1683507474,16,*,*,*
1683507474,17,*,*,*
1683507474,18,*,*,*
1683507474,19,*,*,*
1683507474,20,*,*,*
1683507474,21,*,*,*
1683507474,22,*,*,*
1683507474,23,*,*,*
1683507474,24,*,*,*
1683507474,25,*,*,*
1683507474,26,*,*,*
1683507474,27,*,*,*
1683507474,28,*,*,*
1683507474,29,*,*,*
1683509666,1,131.159.14.129,ac.scylla.net.in.tum.de,209335
1683509666,2,131.159.252.147,nz-bb1-net.in.tum.de,209335
1683509666,3,131.159.252.2,nz-csr1-kw5-bb1.rbg.tum.de,209335
1683509666,4,129.187.0.149,vl-3010.csr1-2wr.lrz.de,12816
1683509666,5,188.1.37.89,cr-gar1-be2-147.x-win.dfn.de,680
1683509666,6,188.1.144.213,cr-erl2-be5.x-win.dfn.de,680
1683509666,7,80.81.194.26,xe-1-2-0.mpr1.fra4.de.above.net,
1683509666,8,*,*,*
1683509666,9,64.125.26.105,ae4.mpr1.mrs1.fr.zip.zayo.com,6461
1683509666,10,94.31.40.5,94.31.40.5.IPYX-289561-900-ZYO.zip.zayo.com,6461
1683509666,11,*,*,*
1683509666,12,140.91.204.21,???,31898
1683509666,13,*,*,*
1683509666,14,*,*,*
1683509666,15,*,*,*
1683509666,16,*,*,*
1683509666,17,*,*,*
1683509666,18,*,*,*
1683509666,19,*,*,*
1683509666,20,*,*,*
1683509666,21,*,*,*
1683509666,22,*,*,*
1683509666,23,*,*,*
1683509666,24,*,*,*
1683509666,25,*,*,*
1683509666,26,*,*,*
1683509666,27,*,*,*
1683509666,28,*,*,*
1683509666,29,*,*,*
1683511856,1,131.159.14.129,ac.scylla.net.in.tum.de,209335
1683511856,2,131.159.252.147,nz-bb1-net.in.tum.de,209335
1683511856,3,131.159.252.2,nz-csr1-kw5-bb1.rbg.tum.de,209335
1683511856,4,129.187.0.149,vl-3010.csr1-2wr.lrz.de,12816
1683511856,5,188.1.37.89,cr-gar1-be2-147.x-win.dfn.de,680
1683511856,6,188.1.144.213,cr-erl2-be5.x-win.dfn.de,680
1683511856,7,80.81.194.26,xe-1-2-0.mpr1.fra4.de.above.net,
1683511856,8,*,*,*
1683511856,9,64.125.26.105,ae4.mpr1.mrs1.fr.zip.zayo.com,6461
1683511856,10,94.31.40.5,94.31.40.5.IPYX-289561-900-ZYO.zip.zayo.com,6461
1683511856,11,*,*,*
1683511856,12,140.91.204.21,???,31898
1683511856,13,*,*,*
1683511856,14,*,*,*
1683511856,15,*,*,*
1683511856,16,*,*,*
1683511856,17,*,*,*
1683511856,18,*,*,*
1683511856,19,*,*,*
1683511856,20,*,*,*
1683511856,21,*,*,*
1683511856,22,*,*,*
1683511856,23,*,*,*
1683511856,24,*,*,*
1683511856,25,*,*,*
1683511856,26,*,*,*
1683511856,27,*,*,*
1683511856,28,*,*,*
1683511856,29,*,*,*
1683514043,1,131.159.14.129,ac.scylla.net.in.tum.de,209335
1683514043,2,131.159.252.147,nz-bb1-net.in.tum.de,209335
1683514043,3,131.159.252.2,nz-csr1-kw5-bb1.rbg.tum.de,209335
1683514043,4,129.187.0.149,vl-3010.csr1-2wr.lrz.de,12816
1683514043,5,188.1.37.89,cr-gar1-be2-147.x-win.dfn.de,680
1683514043,6,188.1.144.213,cr-erl2-be5.x-win.dfn.de,680
1683514043,7,80.81.194.26,xe-1-2-0.mpr1.fra4.de.above.net,
1683514043,8,64.125.26.172,ae12.cs1.fra6.de.eth.zayo.com,6461
1683514043,9,64.125.26.105,ae4.mpr1.mrs1.fr.zip.zayo.com,6461
1683514043,10,94.31.40.5,94.31.40.5.IPYX-289561-900-ZYO.zip.zayo.com,6461
1683514043,11,*,*,*
1683514043,12,140.91.204.21,???,31898
1683514043,13,*,*,*
1683514043,14,*,*,*
1683514043,15,*,*,*
1683514043,16,*,*,*
1683514043,17,*,*,*
1683514043,18,*,*,*
1683514043,19,*,*,*
1683514043,20,*,*,*
1683514043,21,*,*,*
1683514043,22,*,*,*
1683514043,23,*,*,*
1683514043,24,*,*,*
1683514043,25,*,*,*
1683514043,26,*,*,*
1683514043,27,*,*,*
1683514043,28,*,*,*
1683514043,29,*,*,*
1683516175,1,131.159.14.129,ac.scylla.net.in.tum.de,209335
1683516175,2,131.159.252.147,nz-bb1-net.in.tum.de,209335
1683516175,3,131.159.252.2,nz-csr1-kw5-bb1.rbg.tum.de,209335
1683516175,4,129.187.0.149,vl-3010.csr1-2wr.lrz.de,12816
1683516175,5,188.1.37.89,cr-gar1-be2-147.x-win.dfn.de,680
1683516175,6,188.1.144.213,cr-erl2-be5.x-win.dfn.de,680
1683516175,7,80.81.194.26,xe-1-2-0.mpr1.fra4.de.above.net,
1683516175,8,64.125.26.172,ae12.cs1.fra6.de.eth.zayo.com,6461
1683516175,9,64.125.26.105,ae4.mpr1.mrs1.fr.zip.zayo.com,6461
1683516175,10,94.31.40.5,94.31.40.5.IPYX-289561-900-ZYO.zip.zayo.com,6461
1683516175,11,*,*,*
1683516175,12,140.91.204.21,???,31898
1683516175,13,*,*,*
1683516175,14,*,*,*
1683516175,15,*,*,*
1683516175,16,*,*,*
1683516175,17,*,*,*
1683516175,18,*,*,*
1683516175,19,*,*,*
1683516175,20,*,*,*
1683516175,21,*,*,*
1683516175,22,*,*,*
1683516175,23,*,*,*
1683516175,24,*,*,*
1683516175,25,*,*,*
1683516175,26,*,*,*
1683516175,27,*,*,*
1683516175,28,*,*,*
1683516175,29,*,*,*
1683518364,1,131.159.14.129,ac.scylla.net.in.tum.de,209335
1683518364,2,131.159.252.147,nz-bb1-net.in.tum.de,209335
1683518364,3,131.159.252.2,nz-csr1-kw5-bb1.rbg.tum.de,209335
1683518364,4,129.187.0.149,vl-3010.csr1-2wr.lrz.de,12816
1683518364,5,188.1.37.89,cr-gar1-be2-147.x-win.dfn.de,680
1683518364,6,188.1.144.213,cr-erl2-be5.x-win.dfn.de,680
1683518364,7,80.81.194.26,xe-1-2-0.mpr1.fra4.de.above.net,
1683518364,8,*,*,*
1683518364,9,64.125.26.105,ae4.mpr1.mrs1.fr.zip.zayo.com,6461
1683518364,10,94.31.40.5,94.31.40.5.IPYX-289561-900-ZYO.zip.zayo.com,6461
1683518364,11,*,*,*
1683518364,12,140.91.204.21,???,31898
1683518364,13,*,*,*
1683518364,14,*,*,*
1683518364,15,*,*,*
1683518364,16,*,*,*
1683518364,17,*,*,*
1683518364,18,*,*,*
1683518364,19,*,*,*
1683518364,20,*,*,*
1683518364,21,*,*,*
1683518364,22,*,*,*
1683518364,23,*,*,*
1683518364,24,*,*,*
1683518364,25,*,*,*
1683518364,26,*,*,*
1683518364,27,*,*,*
1683518364,28,*,*,*
1683518364,29,*,*,*
1683520705,1,131.159.14.129,ac.scylla.net.in.tum.de,209335
1683520705,2,131.159.252.147,nz-bb1-net.in.tum.de,209335
1683520705,3,131.159.252.2,nz-csr1-kw5-bb1.rbg.tum.de,209335
1683520705,4,129.187.0.149,vl-3010.csr1-2wr.lrz.de,12816
1683520705,5,188.1.37.89,cr-gar1-be2-147.x-win.dfn.de,680
1683520705,6,188.1.144.213,cr-erl2-be5.x-win.dfn.de,680
1683520705,7,80.81.194.26,xe-1-2-0.mpr1.fra4.de.above.net,
1683520705,8,*,*,*
1683520705,9,64.125.26.105,ae4.mpr1.mrs1.fr.zip.zayo.com,6461
1683520705,10,94.31.40.5,94.31.40.5.IPYX-289561-900-ZYO.zip.zayo.com,6461
1683520705,11,*,*,*
1683520705,12,140.91.204.21,???,31898
1683520705,13,*,*,*
1683520705,14,*,*,*
1683520705,15,*,*,*
1683520705,16,*,*,*
1683520705,17,*,*,*
1683520705,18,*,*,*
1683520705,19,*,*,*
1683520705,20,*,*,*
1683520705,21,*,*,*
1683520705,22,*,*,*
1683520705,23,*,*,*
1683520705,24,*,*,*
1683520705,25,*,*,*
1683520705,26,*,*,*
1683520705,27,*,*,*
1683520705,28,*,*,*
1683520705,29,*,*,*
1683523325,1,131.159.14.129,ac.scylla.net.in.tum.de,209335
1683523325,2,131.159.252.147,nz-bb1-net.in.tum.de,209335
1683523325,3,131.159.252.2,nz-csr1-kw5-bb1.rbg.tum.de,209335
1683523325,4,129.187.0.149,vl-3010.csr1-2wr.lrz.de,12816
1683523325,5,188.1.37.89,cr-gar1-be2-147.x-win.dfn.de,680
1683523325,6,188.1.144.213,cr-erl2-be5.x-win.dfn.de,680
1683523325,7,80.81.194.26,xe-1-2-0.mpr1.fra4.de.above.net,
1683523325,8,64.125.26.172,ae12.cs1.fra6.de.eth.zayo.com,6461
1683523325,9,64.125.26.105,ae4.mpr1.mrs1.fr.zip.zayo.com,6461
1683523325,10,*,*,*
1683523325,11,*,*,*
1683523325,12,140.91.204.21,???,31898
1683523325,13,*,*,*
1683523325,14,*,*,*
1683523325,15,*,*,*
1683523325,16,*,*,*
1683523325,17,*,*,*
1683523325,18,*,*,*
1683523325,19,*,*,*
1683523325,20,*,*,*
1683523325,21,*,*,*
1683523325,22,*,*,*
1683523325,23,*,*,*
1683523325,24,*,*,*
1683523325,25,*,*,*
1683523325,26,*,*,*
1683523325,27,*,*,*
1683523325,28,*,*,*
1683523325,29,*,*,*
1683526256,1,131.159.14.129,ac.scylla.net.in.tum.de,209335
1683526256,2,131.159.252.147,nz-bb1-net.in.tum.de,209335
1683526256,3,131.159.252.2,nz-csr1-kw5-bb1.rbg.tum.de,209335
1683526256,4,129.187.0.149,vl-3010.csr1-2wr.lrz.de,12816
1683526256,5,188.1.37.89,cr-gar1-be2-147.x-win.dfn.de,680
1683526256,6,188.1.144.213,cr-erl2-be5.x-win.dfn.de,680
1683526256,7,80.81.194.26,xe-1-2-0.mpr1.fra4.de.above.net,
1683526256,8,*,*,*
1683526256,9,64.125.26.105,ae4.mpr1.mrs1.fr.zip.zayo.com,6461
1683526256,10,94.31.40.5,94.31.40.5.IPYX-289561-900-ZYO.zip.zayo.com,6461
1683526256,11,*,*,*
1683526256,12,140.91.204.21,???,31898
1683526256,13,*,*,*
1683526256,14,*,*,*
1683526256,15,*,*,*
1683526256,16,*,*,*
1683526256,17,*,*,*
1683526256,18,*,*,*
1683526256,19,*,*,*
1683526256,20,*,*,*
1683526256,21,*,*,*
1683526256,22,*,*,*
1683526256,23,*,*,*
1683526256,24,*,*,*
1683526256,25,*,*,*
1683526256,26,*,*,*
1683526256,27,*,*,*
1683526256,28,*,*,*
1683526256,29,*,*,*
1683529256,1,131.159.14.129,ac.scylla.net.in.tum.de,209335
1683529256,2,131.159.252.147,nz-bb1-net.in.tum.de,209335
1683529256,3,131.159.252.2,nz-csr1-kw5-bb1.rbg.tum.de,209335
1683529256,4,129.187.0.149,vl-3010.csr1-2wr.lrz.de,12816
1683529256,5,188.1.37.89,cr-gar1-be2-147.x-win.dfn.de,680
1683529256,6,188.1.144.213,cr-erl2-be5.x-win.dfn.de,680
1683529256,7,80.81.194.26,xe-1-2-0.mpr1.fra4.de.above.net,
1683529256,8,*,*,*
1683529256,9,64.125.26.105,ae4.mpr1.mrs1.fr.zip.zayo.com,6461
1683529256,10,94.31.40.5,94.31.40.5.IPYX-289561-900-ZYO.zip.zayo.com,6461
1683529256,11,*,*,*
1683529256,12,140.91.204.21,???,31898
1683529256,13,*,*,*
1683529256,14,*,*,*
1683529256,15,*,*,*
1683529256,16,*,*,*
1683529256,17,*,*,*
1683529256,18,*,*,*
1683529256,19,*,*,*
1683529256,20,*,*,*
1683529256,21,*,*,*
1683529256,22,*,*,*
1683529256,23,*,*,*
1683529256,24,*,*,*
1683529256,25,*,*,*
1683529256,26,*,*,*
1683529256,27,*,*,*
1683529256,28,*,*,*
1683529256,29,*,*,*
1683532331,1,131.159.14.129,ac.scylla.net.in.tum.de,209335
1683532331,2,131.159.252.147,nz-bb1-net.in.tum.de,209335
1683532331,3,131.159.252.2,nz-csr1-kw5-bb1.rbg.tum.de,209335
1683532331,4,129.187.0.149,vl-3010.csr1-2wr.lrz.de,12816
1683532331,5,188.1.37.89,cr-gar1-be2-147.x-win.dfn.de,680
1683532331,6,188.1.144.213,cr-erl2-be5.x-win.dfn.de,680
1683532331,7,80.81.194.26,xe-1-2-0.mpr1.fra4.de.above.net,
1683532331,8,*,*,*
1683532331,9,64.125.26.105,ae4.mpr1.mrs1.fr.zip.zayo.com,6461
1683532331,10,94.31.40.5,94.31.40.5.IPYX-289561-900-ZYO.zip.zayo.com,6461
1683532331,11,*,*,*
1683532331,12,140.91.204.21,???,31898
1683532331,13,*,*,*
1683532331,14,*,*,*
1683532331,15,*,*,*
1683532331,16,*,*,*
1683532331,17,*,*,*
1683532331,18,*,*,*
1683532331,19,*,*,*
1683532331,20,*,*,*
1683532331,21,*,*,*
1683532331,22,*,*,*
1683532331,23,*,*,*
1683532331,24,*,*,*
1683532331,25,*,*,*
1683532331,26,*,*,*
1683532331,27,*,*,*
1683532331,28,*,*,*
1683532331,29,*,*,*
1683535392,1,131.159.14.129,ac.scylla.net.in.tum.de,209335
1683535392,2,131.159.252.147,nz-bb1-net.in.tum.de,209335
1683535392,3,131.159.252.2,nz-csr1-kw5-bb1.rbg.tum.de,209335
1683535392,4,129.187.0.149,vl-3010.csr1-2wr.lrz.de,12816
1683535392,5,188.1.37.89,cr-gar1-be2-147.x-win.dfn.de,680
1683535392,6,188.1.144.213,cr-erl2-be5.x-win.dfn.de,680
1683535392,7,80.81.194.26,xe-1-2-0.mpr1.fra4.de.above.net,
1683535392,8,*,*,*
1683535392,9,64.125.26.105,ae4.mpr1.mrs1.fr.zip.zayo.com,6461
1683535392,10,94.31.40.5,94.31.40.5.IPYX-289561-900-ZYO.zip.zayo.com,6461
1683535392,11,*,*,*
1683535392,12,140.91.204.21,???,31898
1683535392,13,*,*,*
1683535392,14,*,*,*
1683535392,15,*,*,*
1683535392,16,*,*,*
1683535392,17,*,*,*
1683535392,18,*,*,*
1683535392,19,*,*,*
1683535392,20,*,*,*
1683535392,21,*,*,*
1683535392,22,*,*,*
1683535392,23,*,*,*
1683535392,24,*,*,*
1683535392,25,*,*,*
1683535392,26,*,*,*
1683535392,27,*,*,*
1683535392,28,*,*,*
1683535392,29,*,*,*
1683538336,1,131.159.14.129,ac.scylla.net.in.tum.de,209335
1683538336,2,131.159.252.147,nz-bb1-net.in.tum.de,209335
1683538336,3,131.159.252.2,nz-csr1-kw5-bb1.rbg.tum.de,209335
1683538336,4,129.187.0.149,vl-3010.csr1-2wr.lrz.de,12816
1683538336,5,188.1.37.89,cr-gar1-be2-147.x-win.dfn.de,680
1683538336,6,188.1.144.213,cr-erl2-be5.x-win.dfn.de,680
1683538336,7,80.81.194.26,xe-1-2-0.mpr1.fra4.de.above.net,
1683538336,8,*,*,*
1683538336,9,64.125.26.105,ae4.mpr1.mrs1.fr.zip.zayo.com,6461
1683538336,10,*,*,*
1683538336,11,*,*,*
1683538336,12,140.91.204.21,???,31898
1683538336,13,*,*,*
1683538336,14,*,*,*
1683538336,15,*,*,*
1683538336,16,*,*,*
1683538336,17,*,*,*
1683538336,18,*,*,*
1683538336,19,*,*,*
1683538336,20,*,*,*
1683538336,21,*,*,*
1683538336,22,*,*,*
1683538336,23,*,*,*
1683538336,24,*,*,*
1683538336,25,*,*,*
1683538336,26,*,*,*
1683538336,27,*,*,*
1683538336,28,*,*,*
1683538336,29,*,*,*
1683541296,1,131.159.14.129,ac.scylla.net.in.tum.de,209335
1683541296,2,131.159.252.147,nz-bb1-net.in.tum.de,209335
1683541296,3,131.159.252.2,nz-csr1-kw5-bb1.rbg.tum.de,209335
1683541296,4,129.187.0.149,vl-3010.csr1-2wr.lrz.de,12816
1683541296,5,188.1.37.89,cr-gar1-be2-147.x-win.dfn.de,680
1683541296,6,188.1.144.213,cr-erl2-be5.x-win.dfn.de,680
1683541296,7,80.81.194.26,xe-1-2-0.mpr1.fra4.de.above.net,
1683541296,8,*,*,*
1683541296,9,64.125.26.105,ae4.mpr1.mrs1.fr.zip.zayo.com,6461
1683541296,10,94.31.40.5,94.31.40.5.IPYX-289561-900-ZYO.zip.zayo.com,6461
1683541296,11,*,*,*
1683541296,12,140.91.204.21,???,31898
1683541296,13,*,*,*
1683541296,14,*,*,*
1683541296,15,*,*,*
1683541296,16,*,*,*
1683541296,17,*,*,*
1683541296,18,*,*,*
1683541296,19,*,*,*
1683541296,20,*,*,*
1683541296,21,*,*,*
1683541296,22,*,*,*
1683541296,23,*,*,*
1683541296,24,*,*,*
1683541296,25,*,*,*
1683541296,26,*,*,*
1683541296,27,*,*,*
1683541296,28,*,*,*
1683541296,29,*,*,*
1683544217,1,131.159.14.129,ac.scylla.net.in.tum.de,209335
1683544217,2,131.159.252.147,nz-bb1-net.in.tum.de,209335
1683544217,3,131.159.252.2,nz-csr1-kw5-bb1.rbg.tum.de,209335
1683544217,4,129.187.0.149,vl-3010.csr1-2wr.lrz.de,12816
1683544217,5,188.1.37.89,cr-gar1-be2-147.x-win.dfn.de,680
1683544217,6,188.1.144.213,cr-erl2-be5.x-win.dfn.de,680
1683544217,7,80.81.194.26,xe-1-2-0.mpr1.fra4.de.above.net,
1683544217,8,*,*,*
1683544217,9,64.125.26.105,ae4.mpr1.mrs1.fr.zip.zayo.com,6461
1683544217,10,94.31.40.5,94.31.40.5.IPYX-289561-900-ZYO.zip.zayo.com,6461
1683544217,11,*,*,*
1683544217,12,140.91.204.21,???,31898
1683544217,13,*,*,*
1683544217,14,*,*,*
1683544217,15,*,*,*
1683544217,16,*,*,*
1683544217,17,*,*,*
1683544217,18,*,*,*
1683544217,19,*,*,*
1683544217,20,*,*,*
1683544217,21,*,*,*
1683544217,22,*,*,*
1683544217,23,*,*,*
1683544217,24,*,*,*
1683544217,25,*,*,*
1683544217,26,*,*,*
1683544217,27,*,*,*
1683544217,28,*,*,*
1683544217,29,*,*,*
1683547221,1,131.159.14.129,ac.scylla.net.in.tum.de,209335
1683547221,2,131.159.252.147,nz-bb1-net.in.tum.de,209335
1683547221,3,131.159.252.2,nz-csr1-kw5-bb1.rbg.tum.de,209335
1683547221,4,129.187.0.149,vl-3010.csr1-2wr.lrz.de,12816
1683547221,5,188.1.37.89,cr-gar1-be2-147.x-win.dfn.de,680
1683547221,6,188.1.144.213,cr-erl2-be5.x-win.dfn.de,680
1683547221,7,80.81.194.26,xe-1-2-0.mpr1.fra4.de.above.net,
1683547221,8,64.125.26.172,ae12.cs1.fra6.de.eth.zayo.com,6461
1683547221,9,64.125.26.105,ae4.mpr1.mrs1.fr.zip.zayo.com,6461
1683547221,10,94.31.40.5,94.31.40.5.IPYX-289561-900-ZYO.zip.zayo.com,6461
1683547221,11,*,*,*
1683547221,12,140.91.204.21,???,31898
1683547221,13,*,*,*
1683547221,14,*,*,*
1683547221,15,*,*,*
1683547221,16,*,*,*
1683547221,17,*,*,*
1683547221,18,*,*,*
1683547221,19,*,*,*
1683547221,20,*,*,*
1683547221,21,*,*,*
1683547221,22,*,*,*
1683547221,23,*,*,*
1683547221,24,*,*,*
1683547221,25,*,*,*
1683547221,26,*,*,*
1683547221,27,*,*,*
1683547221,28,*,*,*
1683547221,29,*,*,*
1683550259,1,131.159.14.129,ac.scylla.net.in.tum.de,209335
1683550259,2,131.159.252.147,nz-bb1-net.in.tum.de,209335
1683550259,3,131.159.252.2,nz-csr1-kw5-bb1.rbg.tum.de,209335
1683550259,4,129.187.0.149,vl-3010.csr1-2wr.lrz.de,12816
1683550259,5,188.1.37.89,cr-gar1-be2-147.x-win.dfn.de,680
1683550259,6,188.1.144.213,cr-erl2-be5.x-win.dfn.de,680
1683550259,7,80.81.194.26,xe-1-2-0.mpr1.fra4.de.above.net,
1683550259,8,*,*,*
1683550259,9,64.125.26.105,ae4.mpr1.mrs1.fr.zip.zayo.com,6461
1683550259,10,94.31.40.5,94.31.40.5.IPYX-289561-900-ZYO.zip.zayo.com,6461
1683550259,11,*,*,*
1683550259,12,140.91.204.21,???,31898
1683550259,13,*,*,*
1683550259,14,*,*,*
1683550259,15,*,*,*
1683550259,16,*,*,*
1683550259,17,*,*,*
1683550259,18,*,*,*
1683550259,19,*,*,*
1683550259,20,*,*,*
1683550259,21,*,*,*
1683550259,22,*,*,*
1683550259,23,*,*,*
1683550259,24,*,*,*
1683550259,25,*,*,*
1683550259,26,*,*,*
1683550259,27,*,*,*
1683550259,28,*,*,*
1683550259,29,*,*,*
1683553264,1,131.159.14.129,ac.scylla.net.in.tum.de,209335
1683553264,2,131.159.252.147,nz-bb1-net.in.tum.de,209335
1683553264,3,131.159.252.2,nz-csr1-kw5-bb1.rbg.tum.de,209335
1683553264,4,129.187.0.149,vl-3010.csr1-2wr.lrz.de,12816
1683553264,5,188.1.37.89,cr-gar1-be2-147.x-win.dfn.de,680
1683553264,6,188.1.144.213,cr-erl2-be5.x-win.dfn.de,680
1683553264,7,80.81.194.26,xe-1-2-0.mpr1.fra4.de.above.net,
1683553264,8,*,*,*
1683553264,9,64.125.26.105,ae4.mpr1.mrs1.fr.zip.zayo.com,6461
1683553264,10,94.31.40.5,94.31.40.5.IPYX-289561-900-ZYO.zip.zayo.com,6461
1683553264,11,*,*,*
1683553264,12,140.91.204.21,???,31898
1683553264,13,*,*,*
1683553264,14,*,*,*
1683553264,15,*,*,*
1683553264,16,*,*,*
1683553264,17,*,*,*
1683553264,18,*,*,*
1683553264,19,*,*,*
1683553264,20,*,*,*
1683553264,21,*,*,*
1683553264,22,*,*,*
1683553264,23,*,*,*
1683553264,24,*,*,*
1683553264,25,*,*,*
1683553264,26,*,*,*
1683553264,27,*,*,*
1683553264,28,*,*,*
1683553264,29,*,*,*
1683556399,1,131.159.14.129,ac.scylla.net.in.tum.de,209335
1683556399,2,131.159.252.147,nz-bb1-net.in.tum.de,209335
1683556399,3,131.159.252.2,nz-csr1-kw5-bb1.rbg.tum.de,209335
1683556399,4,129.187.0.149,vl-3010.csr1-2wr.lrz.de,12816
1683556399,5,188.1.37.89,cr-gar1-be2-147.x-win.dfn.de,680
1683556399,6,188.1.144.213,cr-erl2-be5.x-win.dfn.de,680
1683556399,7,80.81.194.26,xe-1-2-0.mpr1.fra4.de.above.net,
1683556399,8,*,*,*
1683556399,9,64.125.26.105,ae4.mpr1.mrs1.fr.zip.zayo.com,6461
1683556399,10,94.31.40.5,94.31.40.5.IPYX-289561-900-ZYO.zip.zayo.com,6461
1683556399,11,*,*,*
1683556399,12,140.91.204.21,???,31898
1683556399,13,*,*,*
1683556399,14,*,*,*
1683556399,15,*,*,*
1683556399,16,*,*,*
1683556399,17,*,*,*
1683556399,18,*,*,*
1683556399,19,*,*,*
1683556399,20,*,*,*
1683556399,21,*,*,*
1683556399,22,*,*,*
1683556399,23,*,*,*
1683556399,24,*,*,*
1683556399,25,*,*,*
1683556399,26,*,*,*
1683556399,27,*,*,*
1683556399,28,*,*,*
1683556399,29,*,*,*
1683559333,1,131.159.14.129,ac.scylla.net.in.tum.de,209335
1683559333,2,131.159.252.147,nz-bb1-net.in.tum.de,209335
1683559333,3,131.159.252.2,nz-csr1-kw5-bb1.rbg.tum.de,209335
1683559333,4,129.187.0.149,vl-3010.csr1-2wr.lrz.de,12816
1683559333,5,188.1.37.89,cr-gar1-be2-147.x-win.dfn.de,680
1683559333,6,188.1.144.213,cr-erl2-be5.x-win.dfn.de,680
1683559333,7,80.81.194.26,xe-1-2-0.mpr1.fra4.de.above.net,
1683559333,8,64.125.26.172,ae12.cs1.fra6.de.eth.zayo.com,6461
1683559333,9,64.125.26.105,ae4.mpr1.mrs1.fr.zip.zayo.com,6461
1683559333,10,94.31.40.5,94.31.40.5.IPYX-289561-900-ZYO.zip.zayo.com,6461
1683559333,11,*,*,*
1683559333,12,140.91.204.21,???,31898
1683559333,13,*,*,*
1683559333,14,*,*,*
1683559333,15,*,*,*
1683559333,16,*,*,*
1683559333,17,*,*,*
1683559333,18,*,*,*
1683559333,19,*,*,*
1683559333,20,*,*,*
1683559333,21,*,*,*
1683559333,22,*,*,*
1683559333,23,*,*,*
1683559333,24,*,*,*
1683559333,25,*,*,*
1683559333,26,*,*,*
1683559333,27,*,*,*
1683559333,28,*,*,*
1683559333,29,*,*,*
1683562162,1,131.159.14.129,ac.scylla.net.in.tum.de,209335
1683562162,2,131.159.252.147,nz-bb1-net.in.tum.de,209335
1683562162,3,131.159.252.2,nz-csr1-kw5-bb1.rbg.tum.de,209335
1683562162,4,129.187.0.149,vl-3010.csr1-2wr.lrz.de,12816
1683562162,5,188.1.37.89,cr-gar1-be2-147.x-win.dfn.de,680
1683562162,6,188.1.144.213,cr-erl2-be5.x-win.dfn.de,680
1683562162,7,80.81.194.26,xe-1-2-0.mpr1.fra4.de.above.net,
1683562162,8,*,*,*
1683562162,9,64.125.26.105,ae4.mpr1.mrs1.fr.zip.zayo.com,6461
1683562162,10,94.31.40.5,94.31.40.5.IPYX-289561-900-ZYO.zip.zayo.com,6461
1683562162,11,*,*,*
1683562162,12,140.91.204.21,???,31898
1683562162,13,*,*,*
1683562162,14,*,*,*
1683562162,15,*,*,*
1683562162,16,*,*,*
1683562162,17,*,*,*
1683562162,18,*,*,*
1683562162,19,*,*,*
1683562162,20,*,*,*
1683562162,21,*,*,*
1683562162,22,*,*,*
1683562162,23,*,*,*
1683562162,24,*,*,*
1683562162,25,*,*,*
1683562162,26,*,*,*
1683562162,27,*,*,*
1683562162,28,*,*,*
1683562162,29,*,*,*
1683564973,1,131.159.14.129,ac.scylla.net.in.tum.de,209335
1683564973,2,131.159.252.147,nz-bb1-net.in.tum.de,209335
1683564973,3,131.159.252.2,nz-csr1-kw5-bb1.rbg.tum.de,209335
1683564973,4,129.187.0.149,vl-3010.csr1-2wr.lrz.de,12816
1683564973,5,188.1.37.89,cr-gar1-be2-147.x-win.dfn.de,680
1683564973,6,188.1.144.213,cr-erl2-be5.x-win.dfn.de,680
1683564973,7,80.81.194.26,xe-1-2-0.mpr1.fra4.de.above.net,
1683564973,8,*,*,*
1683564973,9,64.125.26.105,ae4.mpr1.mrs1.fr.zip.zayo.com,6461
1683564973,10,94.31.40.5,94.31.40.5.IPYX-289561-900-ZYO.zip.zayo.com,6461
1683564973,11,*,*,*
1683564973,12,140.91.204.21,???,31898
1683564973,13,*,*,*
1683564973,14,*,*,*
1683564973,15,*,*,*
1683564973,16,*,*,*
1683564973,17,*,*,*
1683564973,18,*,*,*
1683564973,19,*,*,*
1683564973,20,*,*,*
1683564973,21,*,*,*
1683564973,22,*,*,*
1683564973,23,*,*,*
1683564973,24,*,*,*
1683564973,25,*,*,*
1683564973,26,*,*,*
1683564973,27,*,*,*
1683564973,28,*,*,*
1683564973,29,*,*,*
1683567796,1,131.159.14.129,ac.scylla.net.in.tum.de,209335
1683567796,2,131.159.252.147,nz-bb1-net.in.tum.de,209335
1683567796,3,131.159.252.2,nz-csr1-kw5-bb1.rbg.tum.de,209335
1683567796,4,129.187.0.149,vl-3010.csr1-2wr.lrz.de,12816
1683567796,5,188.1.37.89,cr-gar1-be2-147.x-win.dfn.de,680
1683567796,6,188.1.144.213,cr-erl2-be5.x-win.dfn.de,680
1683567796,7,80.81.194.26,xe-1-2-0.mpr1.fra4.de.above.net,
1683567796,8,*,*,*
1683567796,9,64.125.26.105,ae4.mpr1.mrs1.fr.zip.zayo.com,6461
1683567796,10,94.31.40.5,94.31.40.5.IPYX-289561-900-ZYO.zip.zayo.com,6461
1683567796,11,*,*,*
1683567796,12,140.91.204.21,???,31898
1683567796,13,*,*,*
1683567796,14,*,*,*
1683567796,15,*,*,*
1683567796,16,*,*,*
1683567796,17,*,*,*
1683567796,18,*,*,*
1683567796,19,*,*,*
1683567796,20,*,*,*
1683567796,21,*,*,*
1683567796,22,*,*,*
1683567796,23,*,*,*
1683567796,24,*,*,*
1683567796,25,*,*,*
1683567796,26,*,*,*
1683567796,27,*,*,*
1683567796,28,*,*,*
1683567796,29,*,*,*
1683570653,1,131.159.14.129,ac.scylla.net.in.tum.de,209335
1683570653,2,131.159.252.147,nz-bb1-net.in.tum.de,209335
1683570653,3,131.159.252.2,nz-csr1-kw5-bb1.rbg.tum.de,209335
1683570653,4,129.187.0.149,vl-3010.csr1-2wr.lrz.de,12816
1683570653,5,188.1.37.89,cr-gar1-be2-147.x-win.dfn.de,680
1683570653,6,188.1.144.213,cr-erl2-be5.x-win.dfn.de,680
1683570653,7,80.81.194.26,xe-1-2-0.mpr1.fra4.de.above.net,
1683570653,8,*,*,*
1683570653,9,64.125.26.105,ae4.mpr1.mrs1.fr.zip.zayo.com,6461
1683570653,10,94.31.40.5,94.31.40.5.IPYX-289561-900-ZYO.zip.zayo.com,6461
1683570653,11,*,*,*
1683570653,12,140.91.204.21,???,31898
1683570653,13,*,*,*
1683570653,14,*,*,*
1683570653,15,*,*,*
1683570653,16,*,*,*
1683570653,17,*,*,*
1683570653,18,*,*,*
1683570653,19,*,*,*
1683570653,20,*,*,*
1683570653,21,*,*,*
1683570653,22,*,*,*
1683570653,23,*,*,*
1683570653,24,*,*,*
1683570653,25,*,*,*
1683570653,26,*,*,*
1683570653,27,*,*,*
1683570653,28,*,*,*
1683570653,29,*,*,*
1683573306,1,131.159.14.129,ac.scylla.net.in.tum.de,209335
1683573306,2,131.159.252.147,nz-bb1-net.in.tum.de,209335
1683573306,3,131.159.252.2,nz-csr1-kw5-bb1.rbg.tum.de,209335
1683573306,4,129.187.0.149,vl-3010.csr1-2wr.lrz.de,12816
1683573306,5,188.1.37.89,cr-gar1-be2-147.x-win.dfn.de,680
1683573306,6,188.1.144.213,cr-erl2-be5.x-win.dfn.de,680
1683573306,7,80.81.194.26,xe-1-2-0.mpr1.fra4.de.above.net,
1683573306,8,*,*,*
1683573306,9,64.125.26.105,ae4.mpr1.mrs1.fr.zip.zayo.com,6461
1683573306,10,94.31.40.5,94.31.40.5.IPYX-289561-900-ZYO.zip.zayo.com,6461
1683573306,11,*,*,*
1683573306,12,140.91.204.21,???,31898
1683573306,13,*,*,*
1683573306,14,*,*,*
1683573306,15,*,*,*
1683573306,16,*,*,*
1683573306,17,*,*,*
1683573306,18,*,*,*
1683573306,19,*,*,*
1683573306,20,*,*,*
1683573306,21,*,*,*
1683573306,22,*,*,*
1683573306,23,*,*,*
1683573306,24,*,*,*
1683573306,25,*,*,*
1683573306,26,*,*,*
1683573306,27,*,*,*
1683573306,28,*,*,*
1683573306,29,*,*,*
1683576050,1,131.159.14.129,ac.scylla.net.in.tum.de,209335
1683576050,2,131.159.252.147,nz-bb1-net.in.tum.de,209335
1683576050,3,131.159.252.2,nz-csr1-kw5-bb1.rbg.tum.de,209335
1683576050,4,129.187.0.149,vl-3010.csr1-2wr.lrz.de,12816
1683576050,5,188.1.37.89,cr-gar1-be2-147.x-win.dfn.de,680
1683576050,6,188.1.144.213,cr-erl2-be5.x-win.dfn.de,680
1683576050,7,80.81.194.26,xe-1-2-0.mpr1.fra4.de.above.net,
1683576050,8,*,*,*
1683576050,9,64.125.26.105,ae4.mpr1.mrs1.fr.zip.zayo.com,6461
1683576050,10,94.31.40.5,94.31.40.5.IPYX-289561-900-ZYO.zip.zayo.com,6461
1683576050,11,*,*,*
1683576050,12,140.91.204.21,???,31898
1683576050,13,*,*,*
1683576050,14,*,*,*
1683576050,15,*,*,*
1683576050,16,*,*,*
1683576050,17,*,*,*
1683576050,18,*,*,*
1683576050,19,*,*,*
1683576050,20,*,*,*
1683576050,21,*,*,*
1683576050,22,*,*,*
1683576050,23,*,*,*
1683576050,24,*,*,*
1683576050,25,*,*,*
1683576050,26,*,*,*
1683576050,27,*,*,*
1683576050,28,*,*,*
1683576050,29,*,*,*
1683578673,1,131.159.14.129,ac.scylla.net.in.tum.de,209335
1683578673,2,131.159.252.147,nz-bb1-net.in.tum.de,209335
1683578673,3,131.159.252.2,nz-csr1-kw5-bb1.rbg.tum.de,209335
1683578673,4,129.187.0.149,vl-3010.csr1-2wr.lrz.de,12816
1683578673,5,188.1.37.89,cr-gar1-be2-147.x-win.dfn.de,680
1683578673,6,188.1.144.213,cr-erl2-be5.x-win.dfn.de,680
1683578673,7,80.81.194.26,xe-1-2-0.mpr1.fra4.de.above.net,
1683578673,8,*,*,*
1683578673,9,64.125.26.105,ae4.mpr1.mrs1.fr.zip.zayo.com,6461
1683578673,10,94.31.40.5,94.31.40.5.IPYX-289561-900-ZYO.zip.zayo.com,6461
1683578673,11,*,*,*
1683578673,12,140.91.204.21,???,31898
1683578673,13,*,*,*
1683578673,14,*,*,*
1683578673,15,*,*,*
1683578673,16,*,*,*
1683578673,17,*,*,*
1683578673,18,*,*,*
1683578673,19,*,*,*
1683578673,20,*,*,*
1683578673,21,*,*,*
1683578673,22,*,*,*
1683578673,23,*,*,*
1683578673,24,*,*,*
1683578673,25,*,*,*
1683578673,26,*,*,*
1683578673,27,*,*,*
1683578673,28,*,*,*
1683578673,29,*,*,*
1683580981,1,131.159.14.129,ac.scylla.net.in.tum.de,209335
1683580981,2,131.159.252.147,nz-bb1-net.in.tum.de,209335
1683580981,3,131.159.252.2,nz-csr1-kw5-bb1.rbg.tum.de,209335
1683580981,4,129.187.0.149,vl-3010.csr1-2wr.lrz.de,12816
1683580981,5,188.1.37.89,cr-gar1-be2-147.x-win.dfn.de,680
1683580981,6,188.1.144.213,cr-erl2-be5.x-win.dfn.de,680
1683580981,7,80.81.194.26,xe-1-2-0.mpr1.fra4.de.above.net,
1683580981,8,*,*,*
1683580981,9,64.125.26.105,ae4.mpr1.mrs1.fr.zip.zayo.com,6461
1683580981,10,94.31.40.5,94.31.40.5.IPYX-289561-900-ZYO.zip.zayo.com,6461
1683580981,11,*,*,*
1683580981,12,140.91.204.21,???,31898
1683580981,13,*,*,*
1683580981,14,*,*,*
1683580981,15,*,*,*
1683580981,16,*,*,*
1683580981,17,*,*,*
1683580981,18,*,*,*
1683580981,19,*,*,*
1683580981,20,*,*,*
1683580981,21,*,*,*
1683580981,22,*,*,*
1683580981,23,*,*,*
1683580981,24,*,*,*
1683580981,25,*,*,*
1683580981,26,*,*,*
1683580981,27,*,*,*
1683580981,28,*,*,*
1683580981,29,*,*,*
1683583137,1,131.159.14.129,ac.scylla.net.in.tum.de,209335
1683583137,2,131.159.252.147,nz-bb1-net.in.tum.de,209335
1683583137,3,131.159.252.2,nz-csr1-kw5-bb1.rbg.tum.de,209335
1683583137,4,129.187.0.149,vl-3010.csr1-2wr.lrz.de,12816
1683583137,5,188.1.37.89,cr-gar1-be2-147.x-win.dfn.de,680
1683583137,6,188.1.144.213,cr-erl2-be5.x-win.dfn.de,680
1683583137,7,80.81.194.26,xe-1-2-0.mpr1.fra4.de.above.net,
1683583137,8,*,*,*
1683583137,9,64.125.26.105,ae4.mpr1.mrs1.fr.zip.zayo.com,6461
1683583137,10,*,*,*
1683583137,11,*,*,*
1683583137,12,140.91.204.21,???,31898
1683583137,13,*,*,*
1683583137,14,*,*,*
1683583137,15,*,*,*
1683583137,16,*,*,*
1683583137,17,*,*,*
1683583137,18,*,*,*
1683583137,19,*,*,*
1683583137,20,*,*,*
1683583137,21,*,*,*
1683583137,22,*,*,*
1683583137,23,*,*,*
1683583137,24,*,*,*
1683583137,25,*,*,*
1683583137,26,*,*,*
1683583137,27,*,*,*
1683583137,28,*,*,*
1683583137,29,*,*,*
1683585282,1,131.159.14.129,ac.scylla.net.in.tum.de,209335
1683585282,2,131.159.252.147,nz-bb1-net.in.tum.de,209335
1683585282,3,131.159.252.2,nz-csr1-kw5-bb1.rbg.tum.de,209335
1683585282,4,129.187.0.149,vl-3010.csr1-2wr.lrz.de,12816
1683585282,5,188.1.37.89,cr-gar1-be2-147.x-win.dfn.de,680
1683585282,6,188.1.144.213,cr-erl2-be5.x-win.dfn.de,680
1683585282,7,80.81.194.26,xe-1-2-0.mpr1.fra4.de.above.net,
1683585282,8,*,*,*
1683585282,9,64.125.26.105,ae4.mpr1.mrs1.fr.zip.zayo.com,6461
1683585282,10,94.31.40.5,94.31.40.5.IPYX-289561-900-ZYO.zip.zayo.com,6461
1683585282,11,*,*,*
1683585282,12,140.91.204.21,???,31898
1683585282,13,*,*,*
1683585282,14,*,*,*
1683585282,15,*,*,*
1683585282,16,*,*,*
1683585282,17,*,*,*
1683585282,18,*,*,*
1683585282,19,*,*,*
1683585282,20,*,*,*
1683585282,21,*,*,*
1683585282,22,*,*,*
1683585282,23,*,*,*
1683585282,24,*,*,*
1683585282,25,*,*,*
1683585282,26,*,*,*
1683585282,27,*,*,*
1683585282,28,*,*,*
1683585282,29,*,*,*
1683587380,1,131.159.14.129,ac.scylla.net.in.tum.de,209335
1683587380,2,131.159.252.147,nz-bb1-net.in.tum.de,209335
1683587380,3,131.159.252.2,nz-csr1-kw5-bb1.rbg.tum.de,209335
1683587380,4,129.187.0.149,vl-3010.csr1-2wr.lrz.de,12816
1683587380,5,188.1.37.89,cr-gar1-be2-147.x-win.dfn.de,680
1683587380,6,188.1.144.213,cr-erl2-be5.x-win.dfn.de,680
1683587380,7,80.81.194.26,xe-1-2-0.mpr1.fra4.de.above.net,
1683587380,8,*,*,*
1683587380,9,64.125.26.105,ae4.mpr1.mrs1.fr.zip.zayo.com,6461
1683587380,10,94.31.40.5,94.31.40.5.IPYX-289561-900-ZYO.zip.zayo.com,6461
1683587380,11,*,*,*
1683587380,12,140.91.204.21,???,31898
1683587380,13,*,*,*
1683587380,14,*,*,*
1683587380,15,*,*,*
1683587380,16,*,*,*
1683587380,17,*,*,*
1683587380,18,*,*,*
1683587380,19,*,*,*
1683587380,20,*,*,*
1683587380,21,*,*,*
1683587380,22,*,*,*
1683587380,23,*,*,*
1683587380,24,*,*,*
1683587380,25,*,*,*
1683587380,26,*,*,*
1683587380,27,*,*,*
1683587380,28,*,*,*
1683587380,29,*,*,*
1683589480,1,131.159.14.129,ac.scylla.net.in.tum.de,209335
1683589480,2,131.159.252.147,nz-bb1-net.in.tum.de,209335
1683589480,3,131.159.252.2,nz-csr1-kw5-bb1.rbg.tum.de,209335
1683589480,4,129.187.0.149,vl-3010.csr1-2wr.lrz.de,12816
1683589480,5,188.1.37.89,cr-gar1-be2-147.x-win.dfn.de,680
1683589480,6,188.1.144.213,cr-erl2-be5.x-win.dfn.de,680
1683589480,7,80.81.194.26,xe-1-2-0.mpr1.fra4.de.above.net,
1683589480,8,*,*,*
1683589480,9,64.125.26.105,ae4.mpr1.mrs1.fr.zip.zayo.com,6461
1683589480,10,94.31.40.5,94.31.40.5.IPYX-289561-900-ZYO.zip.zayo.com,6461
1683589480,11,*,*,*
1683589480,12,140.91.204.21,???,31898
1683589480,13,*,*,*
1683589480,14,*,*,*
1683589480,15,*,*,*
1683589480,16,*,*,*
1683589480,17,*,*,*
1683589480,18,*,*,*
1683589480,19,*,*,*
1683589480,20,*,*,*
1683589480,21,*,*,*
1683589480,22,*,*,*
1683589480,23,*,*,*
1683589480,24,*,*,*
1683589480,25,*,*,*
1683589480,26,*,*,*
1683589480,27,*,*,*
1683589480,28,*,*,*
1683589480,29,*,*,*
1683591601,1,131.159.14.129,ac.scylla.net.in.tum.de,209335
1683591601,2,131.159.252.147,nz-bb1-net.in.tum.de,209335
1683591601,3,131.159.252.2,nz-csr1-kw5-bb1.rbg.tum.de,209335
1683591601,4,129.187.0.149,vl-3010.csr1-2wr.lrz.de,12816
1683591601,5,188.1.37.89,cr-gar1-be2-147.x-win.dfn.de,680
1683591601,6,188.1.144.213,cr-erl2-be5.x-win.dfn.de,680
1683591601,7,80.81.194.26,xe-1-2-0.mpr1.fra4.de.above.net,
1683591601,8,*,*,*
1683591601,9,64.125.26.105,ae4.mpr1.mrs1.fr.zip.zayo.com,6461
1683591601,10,94.31.40.5,94.31.40.5.IPYX-289561-900-ZYO.zip.zayo.com,6461
1683591601,11,*,*,*
1683591601,12,140.91.204.21,???,31898
1683591601,13,*,*,*
1683591601,14,*,*,*
1683591601,15,*,*,*
1683591601,16,*,*,*
1683591601,17,*,*,*
1683591601,18,*,*,*
1683591601,19,*,*,*
1683591601,20,*,*,*
1683591601,21,*,*,*
1683591601,22,*,*,*
1683591601,23,*,*,*
1683591601,24,*,*,*
1683591601,25,*,*,*
1683591601,26,*,*,*
1683591601,27,*,*,*
1683591601,28,*,*,*
1683591601,29,*,*,*
1683593697,1,131.159.14.129,ac.scylla.net.in.tum.de,209335
1683593697,2,131.159.252.147,nz-bb1-net.in.tum.de,209335
1683593697,3,131.159.252.2,nz-csr1-kw5-bb1.rbg.tum.de,209335
1683593697,4,129.187.0.149,vl-3010.csr1-2wr.lrz.de,12816
1683593697,5,188.1.37.89,cr-gar1-be2-147.x-win.dfn.de,680
1683593697,6,188.1.144.213,cr-erl2-be5.x-win.dfn.de,680
1683593697,7,80.81.194.26,xe-1-2-0.mpr1.fra4.de.above.net,
1683593697,8,*,*,*
1683593697,9,64.125.26.105,ae4.mpr1.mrs1.fr.zip.zayo.com,6461
1683593697,10,94.31.40.5,94.31.40.5.IPYX-289561-900-ZYO.zip.zayo.com,6461
1683593697,11,*,*,*
1683593697,12,140.91.204.21,???,31898
1683593697,13,*,*,*
1683593697,14,*,*,*
1683593697,15,*,*,*
1683593697,16,*,*,*
1683593697,17,*,*,*
1683593697,18,*,*,*
1683593697,19,*,*,*
1683593697,20,*,*,*
1683593697,21,*,*,*
1683593697,22,*,*,*
1683593697,23,*,*,*
1683593697,24,*,*,*
1683593697,25,*,*,*
1683593697,26,*,*,*
1683593697,27,*,*,*
1683593697,28,*,*,*
1683593697,29,*,*,*
1683595835,1,131.159.14.129,ac.scylla.net.in.tum.de,209335
1683595835,2,131.159.252.147,nz-bb1-net.in.tum.de,209335
1683595835,3,131.159.252.2,nz-csr1-kw5-bb1.rbg.tum.de,209335
1683595835,4,129.187.0.149,vl-3010.csr1-2wr.lrz.de,12816
1683595835,5,188.1.37.89,cr-gar1-be2-147.x-win.dfn.de,680
1683595835,6,188.1.144.213,cr-erl2-be5.x-win.dfn.de,680
1683595835,7,80.81.194.26,xe-1-2-0.mpr1.fra4.de.above.net,
1683595835,8,*,*,*
1683595835,9,64.125.26.105,ae4.mpr1.mrs1.fr.zip.zayo.com,6461
1683595835,10,94.31.40.5,94.31.40.5.IPYX-289561-900-ZYO.zip.zayo.com,6461
1683595835,11,*,*,*
1683595835,12,140.91.204.21,???,31898
1683595835,13,*,*,*
1683595835,14,*,*,*
1683595835,15,*,*,*
1683595835,16,*,*,*
1683595835,17,*,*,*
1683595835,18,*,*,*
1683595835,19,*,*,*
1683595835,20,*,*,*
1683595835,21,*,*,*
1683595835,22,*,*,*
1683595835,23,*,*,*
1683595835,24,*,*,*
1683595835,25,*,*,*
1683595835,26,*,*,*
1683595835,27,*,*,*
1683595835,28,*,*,*
1683595835,29,*,*,*
1683597929,1,131.159.14.129,ac.scylla.net.in.tum.de,209335
1683597929,2,131.159.252.147,nz-bb1-net.in.tum.de,209335
1683597929,3,131.159.252.2,nz-csr1-kw5-bb1.rbg.tum.de,209335
1683597929,4,129.187.0.149,vl-3010.csr1-2wr.lrz.de,12816
1683597929,5,188.1.37.89,cr-gar1-be2-147.x-win.dfn.de,680
1683597929,6,188.1.144.213,cr-erl2-be5.x-win.dfn.de,680
1683597929,7,80.81.194.26,xe-1-2-0.mpr1.fra4.de.above.net,
1683597929,8,64.125.26.172,ae12.cs1.fra6.de.eth.zayo.com,6461
1683597929,9,64.125.26.105,ae4.mpr1.mrs1.fr.zip.zayo.com,6461
1683597929,10,94.31.40.5,94.31.40.5.IPYX-289561-900-ZYO.zip.zayo.com,6461
1683597929,11,*,*,*
1683597929,12,140.91.204.21,???,31898
1683597929,13,*,*,*
1683597929,14,*,*,*
1683597929,15,*,*,*
1683597929,16,*,*,*
1683597929,17,*,*,*
1683597929,18,*,*,*
1683597929,19,*,*,*
1683597929,20,*,*,*
1683597929,21,*,*,*
1683597929,22,*,*,*
1683597929,23,*,*,*
1683597929,24,*,*,*
1683597929,25,*,*,*
1683597929,26,*,*,*
1683597929,27,*,*,*
1683597929,28,*,*,*
1683597929,29,*,*,*
1683600042,1,131.159.14.129,ac.scylla.net.in.tum.de,209335
1683600042,2,131.159.252.147,nz-bb1-net.in.tum.de,209335
1683600042,3,131.159.252.2,nz-csr1-kw5-bb1.rbg.tum.de,209335
1683600042,4,129.187.0.149,vl-3010.csr1-2wr.lrz.de,12816
1683600042,5,188.1.37.89,cr-gar1-be2-147.x-win.dfn.de,680
1683600042,6,188.1.144.213,cr-erl2-be5.x-win.dfn.de,680
1683600042,7,80.81.194.26,xe-1-2-0.mpr1.fra4.de.above.net,
1683600042,8,*,*,*
1683600042,9,64.125.26.105,ae4.mpr1.mrs1.fr.zip.zayo.com,6461
1683600042,10,94.31.40.5,94.31.40.5.IPYX-289561-900-ZYO.zip.zayo.com,6461
1683600042,11,*,*,*
1683600042,12,140.91.204.21,???,31898
1683600042,13,*,*,*
1683600042,14,*,*,*
1683600042,15,*,*,*
1683600042,16,*,*,*
1683600042,17,*,*,*
1683600042,18,*,*,*
1683600042,19,*,*,*
1683600042,20,*,*,*
1683600042,21,*,*,*
1683600042,22,*,*,*
1683600042,23,*,*,*
1683600042,24,*,*,*
1683600042,25,*,*,*
1683600042,26,*,*,*
1683600042,27,*,*,*
1683600042,28,*,*,*
1683600042,29,*,*,*
1683602152,1,131.159.14.129,ac.scylla.net.in.tum.de,209335
1683602152,2,131.159.252.147,nz-bb1-net.in.tum.de,209335
1683602152,3,131.159.252.2,nz-csr1-kw5-bb1.rbg.tum.de,209335
1683602152,4,129.187.0.149,vl-3010.csr1-2wr.lrz.de,12816
1683602152,5,188.1.37.89,cr-gar1-be2-147.x-win.dfn.de,680
1683602152,6,188.1.144.213,cr-erl2-be5.x-win.dfn.de,680
1683602152,7,80.81.194.26,xe-1-2-0.mpr1.fra4.de.above.net,
1683602152,8,*,*,*
1683602152,9,64.125.26.105,ae4.mpr1.mrs1.fr.zip.zayo.com,6461
1683602152,10,94.31.40.5,94.31.40.5.IPYX-289561-900-ZYO.zip.zayo.com,6461
1683602152,11,*,*,*
1683602152,12,140.91.204.21,???,31898
1683602152,13,*,*,*
1683602152,14,*,*,*
1683602152,15,*,*,*
1683602152,16,*,*,*
1683602152,17,*,*,*
1683602152,18,*,*,*
1683602152,19,*,*,*
1683602152,20,*,*,*
1683602152,21,*,*,*
1683602152,22,*,*,*
1683602152,23,*,*,*
1683602152,24,*,*,*
1683602152,25,*,*,*
1683602152,26,*,*,*
1683602152,27,*,*,*
1683602152,28,*,*,*
1683602152,29,*,*,*
1683604306,1,131.159.14.129,ac.scylla.net.in.tum.de,209335
1683604306,2,131.159.252.147,nz-bb1-net.in.tum.de,209335
1683604306,3,131.159.252.2,nz-csr1-kw5-bb1.rbg.tum.de,209335
1683604306,4,129.187.0.149,vl-3010.csr1-2wr.lrz.de,12816
1683604306,5,188.1.37.89,cr-gar1-be2-147.x-win.dfn.de,680
1683604306,6,188.1.144.213,cr-erl2-be5.x-win.dfn.de,680
1683604306,7,80.81.194.26,xe-1-2-0.mpr1.fra4.de.above.net,
1683604306,8,*,*,*
1683604306,9,64.125.26.105,ae4.mpr1.mrs1.fr.zip.zayo.com,6461
1683604306,10,94.31.40.5,94.31.40.5.IPYX-289561-900-ZYO.zip.zayo.com,6461
1683604306,11,*,*,*
1683604306,12,140.91.204.21,???,31898
1683604306,13,*,*,*
1683604306,14,*,*,*
1683604306,15,*,*,*
1683604306,16,*,*,*
1683604306,17,*,*,*
1683604306,18,*,*,*
1683604306,19,*,*,*
1683604306,20,*,*,*
1683604306,21,*,*,*
1683604306,22,*,*,*
1683604306,23,*,*,*
1683604306,24,*,*,*
1683604306,25,*,*,*
1683604306,26,*,*,*
1683604306,27,*,*,*
1683604306,28,*,*,*
1683604306,29,*,*,*
1683606504,1,131.159.14.129,ac.scylla.net.in.tum.de,209335
1683606504,2,131.159.252.147,nz-bb1-net.in.tum.de,209335
1683606504,3,131.159.252.2,nz-csr1-kw5-bb1.rbg.tum.de,209335
1683606504,4,129.187.0.149,vl-3010.csr1-2wr.lrz.de,12816
1683606504,5,188.1.37.89,cr-gar1-be2-147.x-win.dfn.de,680
1683606504,6,188.1.144.213,cr-erl2-be5.x-win.dfn.de,680
1683606504,7,80.81.194.26,xe-1-2-0.mpr1.fra4.de.above.net,
1683606504,8,*,*,*
1683606504,9,64.125.26.105,ae4.mpr1.mrs1.fr.zip.zayo.com,6461
1683606504,10,*,*,*
1683606504,11,*,*,*
1683606504,12,140.91.204.21,???,31898
1683606504,13,*,*,*
1683606504,14,*,*,*
1683606504,15,*,*,*
1683606504,16,*,*,*
1683606504,17,*,*,*
1683606504,18,*,*,*
1683606504,19,*,*,*
1683606504,20,*,*,*
1683606504,21,*,*,*
1683606504,22,*,*,*
1683606504,23,*,*,*
1683606504,24,*,*,*
1683606504,25,*,*,*
1683606504,26,*,*,*
1683606504,27,*,*,*
1683606504,28,*,*,*
1683606504,29,*,*,*
1683608868,1,131.159.14.129,ac.scylla.net.in.tum.de,209335
1683608868,2,131.159.252.147,nz-bb1-net.in.tum.de,209335
1683608868,3,131.159.252.2,nz-csr1-kw5-bb1.rbg.tum.de,209335
1683608868,4,129.187.0.149,vl-3010.csr1-2wr.lrz.de,12816
1683608868,5,188.1.37.89,cr-gar1-be2-147.x-win.dfn.de,680
1683608868,6,188.1.144.213,cr-erl2-be5.x-win.dfn.de,680
1683608868,7,80.81.194.26,xe-1-2-0.mpr1.fra4.de.above.net,
1683608868,8,*,*,*
1683608868,9,64.125.26.105,ae4.mpr1.mrs1.fr.zip.zayo.com,6461
1683608868,10,*,*,*
1683608868,11,*,*,*
1683608868,12,140.91.204.21,???,31898
1683608868,13,*,*,*
1683608868,14,*,*,*
1683608868,15,*,*,*
1683608868,16,*,*,*
1683608868,17,*,*,*
1683608868,18,*,*,*
1683608868,19,*,*,*
1683608868,20,*,*,*
1683608868,21,*,*,*
1683608868,22,*,*,*
1683608868,23,*,*,*
1683608868,24,*,*,*
1683608868,25,*,*,*
1683608868,26,*,*,*
1683608868,27,*,*,*
1683608868,28,*,*,*
1683608868,29,*,*,*
1683611502,1,131.159.14.129,ac.scylla.net.in.tum.de,209335
1683611502,2,131.159.252.147,nz-bb1-net.in.tum.de,209335
1683611502,3,131.159.252.2,nz-csr1-kw5-bb1.rbg.tum.de,209335
1683611502,4,129.187.0.149,vl-3010.csr1-2wr.lrz.de,12816
1683611502,5,188.1.37.89,cr-gar1-be2-147.x-win.dfn.de,680
1683611502,6,188.1.144.213,cr-erl2-be5.x-win.dfn.de,680
1683611502,7,80.81.194.26,xe-1-2-0.mpr1.fra4.de.above.net,
1683611502,8,*,*,*
1683611502,9,64.125.26.105,ae4.mpr1.mrs1.fr.zip.zayo.com,6461
1683611502,10,94.31.40.5,94.31.40.5.IPYX-289561-900-ZYO.zip.zayo.com,6461
1683611502,11,*,*,*
1683611502,12,140.91.204.21,???,31898
1683611502,13,*,*,*
1683611502,14,*,*,*
1683611502,15,*,*,*
1683611502,16,*,*,*
1683611502,17,*,*,*
1683611502,18,*,*,*
1683611502,19,*,*,*
1683611502,20,*,*,*
1683611502,21,*,*,*
1683611502,22,*,*,*
1683611502,23,*,*,*
1683611502,24,*,*,*
1683611502,25,*,*,*
1683611502,26,*,*,*
1683611502,27,*,*,*
1683611502,28,*,*,*
1683611502,29,*,*,*
1683614487,1,131.159.14.129,ac.scylla.net.in.tum.de,209335
1683614487,2,131.159.252.147,nz-bb1-net.in.tum.de,209335
1683614487,3,131.159.252.2,nz-csr1-kw5-bb1.rbg.tum.de,209335
1683614487,4,129.187.0.149,vl-3010.csr1-2wr.lrz.de,12816
1683614487,5,188.1.37.89,cr-gar1-be2-147.x-win.dfn.de,680
1683614487,6,188.1.144.213,cr-erl2-be5.x-win.dfn.de,680
1683614487,7,80.81.194.26,xe-1-2-0.mpr1.fra4.de.above.net,
1683614487,8,*,*,*
1683614487,9,64.125.26.105,ae4.mpr1.mrs1.fr.zip.zayo.com,6461
1683614487,10,94.31.40.5,94.31.40.5.IPYX-289561-900-ZYO.zip.zayo.com,6461
1683614487,11,*,*,*
1683614487,12,140.91.204.21,???,31898
1683614487,13,*,*,*
1683614487,14,*,*,*
1683614487,15,*,*,*
1683614487,16,*,*,*
1683614487,17,*,*,*
1683614487,18,*,*,*
1683614487,19,*,*,*
1683614487,20,*,*,*
1683614487,21,*,*,*
1683614487,22,*,*,*
1683614487,23,*,*,*
1683614487,24,*,*,*
1683614487,25,*,*,*
1683614487,26,*,*,*
1683614487,27,*,*,*
1683614487,28,*,*,*
1683614487,29,*,*,*
1683617569,1,131.159.14.129,ac.scylla.net.in.tum.de,209335
1683617569,2,131.159.252.147,nz-bb1-net.in.tum.de,209335
1683617569,3,131.159.252.2,nz-csr1-kw5-bb1.rbg.tum.de,209335
1683617569,4,129.187.0.149,vl-3010.csr1-2wr.lrz.de,12816
1683617569,5,188.1.37.89,cr-gar1-be2-147.x-win.dfn.de,680
1683617569,6,188.1.144.213,cr-erl2-be5.x-win.dfn.de,680
1683617569,7,80.81.194.26,xe-1-2-0.mpr1.fra4.de.above.net,
1683617569,8,*,*,*
1683617569,9,64.125.26.105,ae4.mpr1.mrs1.fr.zip.zayo.com,6461
1683617569,10,94.31.40.5,94.31.40.5.IPYX-289561-900-ZYO.zip.zayo.com,6461
1683617569,11,*,*,*
1683617569,12,140.91.204.21,???,31898
1683617569,13,*,*,*
1683617569,14,*,*,*
1683617569,15,*,*,*
1683617569,16,*,*,*
1683617569,17,*,*,*
1683617569,18,*,*,*
1683617569,19,*,*,*
1683617569,20,*,*,*
1683617569,21,*,*,*
1683617569,22,*,*,*
1683617569,23,*,*,*
1683617569,24,*,*,*
1683617569,25,*,*,*
1683617569,26,*,*,*
1683617569,27,*,*,*
1683617569,28,*,*,*
1683617569,29,*,*,*
1683620559,1,131.159.14.129,ac.scylla.net.in.tum.de,209335
1683620559,2,131.159.252.147,nz-bb1-net.in.tum.de,209335
1683620559,3,131.159.252.2,nz-csr1-kw5-bb1.rbg.tum.de,209335
1683620559,4,129.187.0.149,vl-3010.csr1-2wr.lrz.de,12816
1683620559,5,188.1.37.89,cr-gar1-be2-147.x-win.dfn.de,680
1683620559,6,188.1.144.213,cr-erl2-be5.x-win.dfn.de,680
1683620559,7,80.81.194.26,xe-1-2-0.mpr1.fra4.de.above.net,
1683620559,8,*,*,*
1683620559,9,64.125.26.105,ae4.mpr1.mrs1.fr.zip.zayo.com,6461
1683620559,10,94.31.40.5,94.31.40.5.IPYX-289561-900-ZYO.zip.zayo.com,6461
1683620559,11,*,*,*
1683620559,12,140.91.204.21,???,31898
1683620559,13,*,*,*
1683620559,14,*,*,*
1683620559,15,*,*,*
1683620559,16,*,*,*
1683620559,17,*,*,*
1683620559,18,*,*,*
1683620559,19,*,*,*
1683620559,20,*,*,*
1683620559,21,*,*,*
1683620559,22,*,*,*
1683620559,23,*,*,*
1683620559,24,*,*,*
1683620559,25,*,*,*
1683620559,26,*,*,*
1683620559,27,*,*,*
1683620559,28,*,*,*
1683620559,29,*,*,*
1683623352,1,131.159.14.129,ac.scylla.net.in.tum.de,209335
1683623352,2,131.159.252.147,nz-bb1-net.in.tum.de,209335
1683623352,3,131.159.252.2,nz-csr1-kw5-bb1.rbg.tum.de,209335
1683623352,4,129.187.0.149,vl-3010.csr1-2wr.lrz.de,12816
1683623352,5,188.1.37.89,cr-gar1-be2-147.x-win.dfn.de,680
1683623352,6,188.1.144.213,cr-erl2-be5.x-win.dfn.de,680
1683623352,7,80.81.194.26,xe-1-2-0.mpr1.fra4.de.above.net,
1683623352,8,*,*,*
1683623352,9,64.125.26.105,ae4.mpr1.mrs1.fr.zip.zayo.com,6461
1683623352,10,94.31.40.5,94.31.40.5.IPYX-289561-900-ZYO.zip.zayo.com,6461
1683623352,11,*,*,*
1683623352,12,140.91.204.21,???,31898
1683623352,13,*,*,*
1683623352,14,*,*,*
1683623352,15,*,*,*
1683623352,16,*,*,*
1683623352,17,*,*,*
1683623352,18,*,*,*
1683623352,19,*,*,*
1683623352,20,*,*,*
1683623352,21,*,*,*
1683623352,22,*,*,*
1683623352,23,*,*,*
1683623352,24,*,*,*
1683623352,25,*,*,*
1683623352,26,*,*,*
1683623352,27,*,*,*
1683623352,28,*,*,*
1683623352,29,*,*,*
1683626227,1,131.159.14.129,ac.scylla.net.in.tum.de,209335
1683626227,2,131.159.252.147,nz-bb1-net.in.tum.de,209335
1683626227,3,131.159.252.2,nz-csr1-kw5-bb1.rbg.tum.de,209335
1683626227,4,129.187.0.149,vl-3010.csr1-2wr.lrz.de,12816
1683626227,5,188.1.37.89,cr-gar1-be2-147.x-win.dfn.de,680
1683626227,6,188.1.144.213,cr-erl2-be5.x-win.dfn.de,680
1683626227,7,80.81.194.26,xe-1-2-0.mpr1.fra4.de.above.net,
1683626227,8,64.125.26.172,ae12.cs1.fra6.de.eth.zayo.com,6461
1683626227,9,64.125.26.105,ae4.mpr1.mrs1.fr.zip.zayo.com,6461
1683626227,10,94.31.40.5,94.31.40.5.IPYX-289561-900-ZYO.zip.zayo.com,6461
1683626227,11,*,*,*
1683626227,12,140.91.204.21,???,31898
1683626227,13,*,*,*
1683626227,14,*,*,*
1683626227,15,*,*,*
1683626227,16,*,*,*
1683626227,17,*,*,*
1683626227,18,*,*,*
1683626227,19,*,*,*
1683626227,20,*,*,*
1683626227,21,*,*,*
1683626227,22,*,*,*
1683626227,23,*,*,*
1683626227,24,*,*,*
1683626227,25,*,*,*
1683626227,26,*,*,*
1683626227,27,*,*,*
1683626227,28,*,*,*
1683626227,29,*,*,*
1683629104,1,131.159.14.129,ac.scylla.net.in.tum.de,209335
1683629104,2,131.159.252.147,nz-bb1-net.in.tum.de,209335
1683629104,3,131.159.252.2,nz-csr1-kw5-bb1.rbg.tum.de,209335
1683629104,4,129.187.0.149,vl-3010.csr1-2wr.lrz.de,12816
1683629104,5,188.1.37.89,cr-gar1-be2-147.x-win.dfn.de,680
1683629104,6,188.1.144.213,cr-erl2-be5.x-win.dfn.de,680
1683629104,7,80.81.194.26,xe-1-2-0.mpr1.fra4.de.above.net,
1683629104,8,64.125.26.172,ae12.cs1.fra6.de.eth.zayo.com,6461
1683629104,9,64.125.26.105,ae4.mpr1.mrs1.fr.zip.zayo.com,6461
1683629104,10,94.31.40.5,94.31.40.5.IPYX-289561-900-ZYO.zip.zayo.com,6461
1683629104,11,*,*,*
1683629104,12,140.91.204.21,???,31898
1683629104,13,*,*,*
1683629104,14,*,*,*
1683629104,15,*,*,*
1683629104,16,*,*,*
1683629104,17,*,*,*
1683629104,18,*,*,*
1683629104,19,*,*,*
1683629104,20,*,*,*
1683629104,21,*,*,*
1683629104,22,*,*,*
1683629104,23,*,*,*
1683629104,24,*,*,*
1683629104,25,*,*,*
1683629104,26,*,*,*
1683629104,27,*,*,*
1683629104,28,*,*,*
1683629104,29,*,*,*
