timestamp  ,ttl ,ip             ,hostname                      ,asn
1683449982 ,  1 ,192.168.1.1    ,???                           ,
1683449982 ,  2 ,100.64.0.1     ,???                           ,
1683449982 ,  3 ,172.16.251.90  ,???                           ,
1683449982 ,  4 ,206.224.65.208 ,undefined.hostname.localhost  ,14593
1683449982 ,  5 ,206.224.65.192 ,undefined.hostname.localhost  ,14593
1683449982 ,  6 ,62.115.114.90  ,ffm-bb2-link.ip.twelve99.net  ,1299
1683449982 ,  7 ,62.115.114.90  ,ffm-bb2-link.ip.twelve99.net  ,1299
1683449982 ,  8 ,62.115.122.138 ,prs-bb2-link.ip.twelve99.net  ,1299
1683449982 ,  9 ,62.115.122.159 ,rest-bb1-link.ip.twelve99.net ,1299
1683449982 , 10 ,*              ,*                             ,*
1683449982 , 11 ,*              ,*                             ,*
1683449982 , 12 ,62.115.137.45  ,dls-bb1-link.ip.twelve99.net  ,1299
1683449982 , 13 ,62.115.136.119 ,dls-b23-link.ip.twelve99.net  ,1299
1683449982 , 14 ,*              ,*                             ,*
1683449982 , 15 ,62.115.125.55  ,phx-b6-link.ip.twelve99.net   ,1299
1683449982 , 16 ,140.91.194.5   ,???                           ,31898
1683449982 , 17 ,*              ,*                             ,*
1683449982 , 18 ,*              ,*                             ,*
1683449982 , 19 ,*              ,*                             ,*
1683449982 , 20 ,*              ,*                             ,*
1683449982 , 21 ,*              ,*                             ,*
1683449982 , 22 ,*              ,*                             ,*
1683449982 , 23 ,*              ,*                             ,*
1683449982 , 24 ,*              ,*                             ,*
1683449982 , 25 ,*              ,*                             ,*
1683449982 , 26 ,*              ,*                             ,*
1683449982 , 27 ,*              ,*                             ,*
1683449982 , 28 ,*              ,*                             ,*
1683449982 , 29 ,*              ,*                             ,*
1683451077 ,  1 ,192.168.1.1    ,???                           ,
1683451077 ,  2 ,100.64.0.1     ,???                           ,
1683451077 ,  3 ,172.16.251.90  ,???                           ,
1683451077 ,  4 ,206.224.65.208 ,undefined.hostname.localhost  ,14593
1683451077 ,  5 ,206.224.65.192 ,undefined.hostname.localhost  ,14593
1683451077 ,  6 ,62.115.114.90  ,ffm-bb2-link.ip.twelve99.net  ,1299
1683451077 ,  7 ,62.115.114.90  ,ffm-bb2-link.ip.twelve99.net  ,1299
1683451077 ,  8 ,62.115.122.138 ,prs-bb2-link.ip.twelve99.net  ,1299
1683451077 ,  9 ,62.115.122.159 ,rest-bb1-link.ip.twelve99.net ,1299
1683451077 , 10 ,*              ,*                             ,*
1683451077 , 11 ,*              ,*                             ,*
1683451077 , 12 ,*              ,*                             ,*
1683451077 , 13 ,62.115.136.119 ,dls-b23-link.ip.twelve99.net  ,1299
1683451077 , 14 ,*              ,*                             ,*
1683451077 , 15 ,62.115.125.55  ,phx-b6-link.ip.twelve99.net   ,1299
1683451077 , 16 ,140.91.194.5   ,???                           ,31898
1683451077 , 17 ,*              ,*                             ,*
1683451077 , 18 ,*              ,*                             ,*
1683451077 , 19 ,*              ,*                             ,*
1683451077 , 20 ,*              ,*                             ,*
1683451077 , 21 ,*              ,*                             ,*
1683451077 , 22 ,*              ,*                             ,*
1683451077 , 23 ,*              ,*                             ,*
1683451077 , 24 ,*              ,*                             ,*
1683451077 , 25 ,*              ,*                             ,*
1683451077 , 26 ,*              ,*                             ,*
1683451077 , 27 ,*              ,*                             ,*
1683451077 , 28 ,*              ,*                             ,*
1683451077 , 29 ,*              ,*                             ,*
1683467481 ,  1 ,192.168.1.1    ,???                           ,
1683467481 ,  2 ,100.64.0.1     ,???                           ,
1683467481 ,  3 ,172.16.251.90  ,???                           ,
1683467481 ,  4 ,206.224.65.208 ,undefined.hostname.localhost  ,14593
1683467481 ,  5 ,206.224.65.192 ,undefined.hostname.localhost  ,14593
1683467481 ,  6 ,62.115.114.90  ,ffm-bb2-link.ip.twelve99.net  ,1299
1683467481 ,  7 ,62.115.114.90  ,ffm-bb2-link.ip.twelve99.net  ,1299
1683467481 ,  8 ,62.115.122.138 ,prs-bb2-link.ip.twelve99.net  ,1299
1683467481 ,  9 ,62.115.122.159 ,rest-bb1-link.ip.twelve99.net ,1299
1683467481 , 10 ,62.115.138.71  ,atl-bb1-link.ip.twelve99.net  ,1299
1683467481 , 11 ,*              ,*                             ,*
1683467481 , 12 ,62.115.137.45  ,dls-bb1-link.ip.twelve99.net  ,1299
1683467481 , 13 ,62.115.136.119 ,dls-b23-link.ip.twelve99.net  ,1299
1683467481 , 14 ,*              ,*                             ,*
1683467481 , 15 ,62.115.125.55  ,phx-b6-link.ip.twelve99.net   ,1299
1683467481 , 16 ,140.91.194.5   ,???                           ,31898
1683467481 , 17 ,*              ,*                             ,*
1683467481 , 18 ,*              ,*                             ,*
1683467481 , 19 ,*              ,*                             ,*
1683467481 , 20 ,*              ,*                             ,*
1683467481 , 21 ,*              ,*                             ,*
1683467481 , 22 ,*              ,*                             ,*
1683467481 , 23 ,*              ,*                             ,*
1683467481 , 24 ,*              ,*                             ,*
1683467481 , 25 ,*              ,*                             ,*
1683467481 , 26 ,*              ,*                             ,*
1683467481 , 27 ,*              ,*                             ,*
1683467481 , 28 ,*              ,*                             ,*
1683467481 , 29 ,*              ,*                             ,*
1683482130,1,192.168.1.1,???,
1683482130,2,100.64.0.1,???,
1683482130,3,172.16.251.90,???,
1683482130,4,206.224.65.208,undefined.hostname.localhost,14593
1683482130,5,206.224.65.192,undefined.hostname.localhost,14593
1683482130,6,62.115.114.90,ffm-bb2-link.ip.twelve99.net,1299
1683482130,7,62.115.114.90,ffm-bb2-link.ip.twelve99.net,1299
1683482130,8,62.115.122.138,prs-bb2-link.ip.twelve99.net,1299
1683482130,9,62.115.122.159,rest-bb1-link.ip.twelve99.net,1299
1683482130,10,*,*,*
1683482130,11,*,*,*
1683482130,12,62.115.137.45,dls-bb1-link.ip.twelve99.net,1299
1683482130,13,62.115.136.119,dls-b23-link.ip.twelve99.net,1299
1683482130,14,*,*,*
1683482130,15,62.115.125.55,phx-b6-link.ip.twelve99.net,1299
1683482130,16,140.91.194.5,???,31898
1683482130,17,*,*,*
1683482130,18,*,*,*
1683482130,19,*,*,*
1683482130,20,*,*,*
1683482130,21,*,*,*
1683482130,22,*,*,*
1683482130,23,*,*,*
1683482130,24,*,*,*
1683482130,25,*,*,*
1683482130,26,*,*,*
1683482130,27,*,*,*
1683482130,28,*,*,*
1683482130,29,*,*,*
1683485454,1,192.168.1.1,???,
1683485454,2,100.64.0.1,???,
1683485454,3,172.16.251.90,???,
1683485454,4,206.224.65.208,undefined.hostname.localhost,14593
1683485454,5,206.224.65.192,undefined.hostname.localhost,14593
1683485454,6,62.115.114.90,ffm-bb2-link.ip.twelve99.net,1299
1683485454,7,62.115.114.90,ffm-bb2-link.ip.twelve99.net,1299
1683485454,8,62.115.122.138,prs-bb2-link.ip.twelve99.net,1299
1683485454,9,62.115.122.159,rest-bb1-link.ip.twelve99.net,1299
1683485454,10,*,*,*
1683485454,11,*,*,*
1683485454,12,62.115.137.45,dls-bb1-link.ip.twelve99.net,1299
1683485454,13,62.115.136.119,dls-b23-link.ip.twelve99.net,1299
1683485454,14,*,*,*
1683485454,15,62.115.125.55,phx-b6-link.ip.twelve99.net,1299
1683485454,16,140.91.194.5,???,31898
1683485454,17,*,*,*
1683485454,18,*,*,*
1683485454,19,*,*,*
1683485454,20,*,*,*
1683485454,21,*,*,*
1683485454,22,*,*,*
1683485454,23,*,*,*
1683485454,24,*,*,*
1683485454,25,*,*,*
1683485454,26,*,*,*
1683485454,27,*,*,*
1683485454,28,*,*,*
1683485454,29,*,*,*
1683488533,1,192.168.1.1,???,
1683488533,2,100.64.0.1,???,
1683488533,3,172.16.251.90,???,
1683488533,4,206.224.65.208,undefined.hostname.localhost,14593
1683488533,5,206.224.65.192,undefined.hostname.localhost,14593
1683488533,6,62.115.114.90,ffm-bb2-link.ip.twelve99.net,1299
1683488533,7,62.115.114.90,ffm-bb2-link.ip.twelve99.net,1299
1683488533,8,62.115.122.138,prs-bb2-link.ip.twelve99.net,1299
1683488533,9,62.115.122.159,rest-bb1-link.ip.twelve99.net,1299
1683488533,10,*,*,*
1683488533,11,*,*,*
1683488533,12,*,*,*
1683488533,13,62.115.136.119,dls-b23-link.ip.twelve99.net,1299
1683488533,14,*,*,*
1683488533,15,62.115.125.55,phx-b6-link.ip.twelve99.net,1299
1683488533,16,140.91.194.5,???,31898
1683488533,17,*,*,*
1683488533,18,*,*,*
1683488533,19,*,*,*
1683488533,20,*,*,*
1683488533,21,*,*,*
1683488533,22,*,*,*
1683488533,23,*,*,*
1683488533,24,*,*,*
1683488533,25,*,*,*
1683488533,26,*,*,*
1683488533,27,*,*,*
1683488533,28,*,*,*
1683488533,29,*,*,*
1683491445,1,192.168.1.1,???,
1683491445,2,100.64.0.1,???,
1683491445,3,172.16.251.90,???,
1683491445,4,206.224.65.208,undefined.hostname.localhost,14593
1683491445,5,206.224.65.192,undefined.hostname.localhost,14593
1683491445,6,62.115.114.90,ffm-bb2-link.ip.twelve99.net,1299
1683491445,7,62.115.114.90,ffm-bb2-link.ip.twelve99.net,1299
1683491445,8,62.115.122.138,prs-bb2-link.ip.twelve99.net,1299
1683491445,9,62.115.122.159,rest-bb1-link.ip.twelve99.net,1299
1683491445,10,62.115.138.71,atl-bb1-link.ip.twelve99.net,1299
1683491445,11,*,*,*
1683491445,12,*,*,*
1683491445,13,62.115.136.119,dls-b23-link.ip.twelve99.net,1299
1683491445,14,62.115.138.64,dls-bb2-link.ip.twelve99.net,1299
1683491445,15,62.115.125.55,phx-b6-link.ip.twelve99.net,1299
1683491445,16,140.91.194.5,???,31898
1683491445,17,*,*,*
1683491445,18,*,*,*
1683491445,19,*,*,*
1683491445,20,*,*,*
1683491445,21,*,*,*
1683491445,22,*,*,*
1683491445,23,*,*,*
1683491445,24,*,*,*
1683491445,25,*,*,*
1683491445,26,*,*,*
1683491445,27,*,*,*
1683491445,28,*,*,*
1683491445,29,*,*,*
1683493962,1,192.168.1.1,???,
1683493962,2,100.64.0.1,???,
1683493962,3,172.16.251.90,???,
1683493962,4,206.224.65.208,undefined.hostname.localhost,14593
1683493962,5,206.224.65.192,undefined.hostname.localhost,14593
1683493962,6,62.115.114.90,ffm-bb2-link.ip.twelve99.net,1299
1683493962,7,62.115.114.90,ffm-bb2-link.ip.twelve99.net,1299
1683493962,8,62.115.122.138,prs-bb2-link.ip.twelve99.net,1299
1683493962,9,62.115.122.159,rest-bb1-link.ip.twelve99.net,1299
1683493962,10,62.115.138.71,atl-bb1-link.ip.twelve99.net,1299
1683493962,11,*,*,*
1683493962,12,*,*,*
1683493962,13,62.115.136.119,dls-b23-link.ip.twelve99.net,1299
1683493962,14,*,*,*
1683493962,15,62.115.125.55,phx-b6-link.ip.twelve99.net,1299
1683493962,16,140.91.194.5,???,31898
1683493962,17,*,*,*
1683493962,18,*,*,*
1683493962,19,*,*,*
1683493962,20,*,*,*
1683493962,21,*,*,*
1683493962,22,*,*,*
1683493962,23,*,*,*
1683493962,24,*,*,*
1683493962,25,*,*,*
1683493962,26,*,*,*
1683493962,27,*,*,*
1683493962,28,*,*,*
1683493962,29,*,*,*
1683496288,1,192.168.1.1,???,
1683496288,2,100.64.0.1,???,
1683496288,3,172.16.251.90,???,
1683496288,4,206.224.65.208,undefined.hostname.localhost,14593
1683496288,5,206.224.65.192,undefined.hostname.localhost,14593
1683496288,6,62.115.114.90,ffm-bb2-link.ip.twelve99.net,1299
1683496288,7,62.115.114.90,ffm-bb2-link.ip.twelve99.net,1299
1683496288,8,62.115.122.138,prs-bb2-link.ip.twelve99.net,1299
1683496288,9,62.115.122.159,rest-bb1-link.ip.twelve99.net,1299
1683496288,10,62.115.138.71,atl-bb1-link.ip.twelve99.net,1299
1683496288,11,*,*,*
1683496288,12,62.115.137.45,dls-bb1-link.ip.twelve99.net,1299
1683496288,13,62.115.136.119,dls-b23-link.ip.twelve99.net,1299
1683496288,14,*,*,*
1683496288,15,62.115.125.55,phx-b6-link.ip.twelve99.net,1299
1683496288,16,140.91.194.5,???,31898
1683496288,17,*,*,*
1683496288,18,*,*,*
1683496288,19,*,*,*
1683496288,20,*,*,*
1683496288,21,*,*,*
1683496288,22,*,*,*
1683496288,23,*,*,*
1683496288,24,*,*,*
1683496288,25,*,*,*
1683496288,26,*,*,*
1683496288,27,*,*,*
1683496288,28,*,*,*
1683496288,29,*,*,*
1683498571,1,192.168.1.1,???,
1683498571,2,100.64.0.1,???,
1683498571,3,172.16.251.90,???,
1683498571,4,206.224.65.208,undefined.hostname.localhost,14593
1683498571,5,206.224.65.192,undefined.hostname.localhost,14593
1683498571,6,62.115.114.90,ffm-bb2-link.ip.twelve99.net,1299
1683498571,7,62.115.114.90,ffm-bb2-link.ip.twelve99.net,1299
1683498571,8,62.115.122.138,prs-bb2-link.ip.twelve99.net,1299
1683498571,9,62.115.122.159,rest-bb1-link.ip.twelve99.net,1299
1683498571,10,*,*,*
1683498571,11,*,*,*
1683498571,12,*,*,*
1683498571,13,62.115.136.119,dls-b23-link.ip.twelve99.net,1299
1683498571,14,*,*,*
1683498571,15,62.115.125.55,phx-b6-link.ip.twelve99.net,1299
1683498571,16,140.91.194.5,???,31898
1683498571,17,*,*,*
1683498571,18,*,*,*
1683498571,19,*,*,*
1683498571,20,*,*,*
1683498571,21,*,*,*
1683498571,22,*,*,*
1683498571,23,*,*,*
1683498571,24,*,*,*
1683498571,25,*,*,*
1683498571,26,*,*,*
1683498571,27,*,*,*
1683498571,28,*,*,*
1683498571,29,*,*,*
1683500806,1,192.168.1.1,???,
1683500806,2,100.64.0.1,???,
1683500806,3,172.16.251.90,???,
1683500806,4,206.224.65.208,undefined.hostname.localhost,14593
1683500806,5,206.224.65.192,undefined.hostname.localhost,14593
1683500806,6,62.115.114.90,ffm-bb2-link.ip.twelve99.net,1299
1683500806,7,62.115.114.90,ffm-bb2-link.ip.twelve99.net,1299
1683500806,8,62.115.122.138,prs-bb2-link.ip.twelve99.net,1299
1683500806,9,62.115.122.159,rest-bb1-link.ip.twelve99.net,1299
1683500806,10,62.115.138.71,atl-bb1-link.ip.twelve99.net,1299
1683500806,11,*,*,*
1683500806,12,62.115.137.45,dls-bb1-link.ip.twelve99.net,1299
1683500806,13,62.115.136.119,dls-b23-link.ip.twelve99.net,1299
1683500806,14,*,*,*
1683500806,15,62.115.125.55,phx-b6-link.ip.twelve99.net,1299
1683500806,16,140.91.194.5,???,31898
1683500806,17,*,*,*
1683500806,18,*,*,*
1683500806,19,*,*,*
1683500806,20,*,*,*
1683500806,21,*,*,*
1683500806,22,*,*,*
1683500806,23,*,*,*
1683500806,24,*,*,*
1683500806,25,*,*,*
1683500806,26,*,*,*
1683500806,27,*,*,*
1683500806,28,*,*,*
1683500806,29,*,*,*
1683503048,1,192.168.1.1,???,
1683503048,2,100.64.0.1,???,
1683503048,3,172.16.251.90,???,
1683503048,4,206.224.65.208,undefined.hostname.localhost,14593
1683503048,5,206.224.65.192,undefined.hostname.localhost,14593
1683503048,6,62.115.114.90,ffm-bb2-link.ip.twelve99.net,1299
1683503048,7,62.115.114.90,ffm-bb2-link.ip.twelve99.net,1299
1683503048,8,62.115.122.138,prs-bb2-link.ip.twelve99.net,1299
1683503048,9,62.115.122.159,rest-bb1-link.ip.twelve99.net,1299
1683503048,10,62.115.138.71,atl-bb1-link.ip.twelve99.net,1299
1683503048,11,*,*,*
1683503048,12,*,*,*
1683503048,13,62.115.136.119,dls-b23-link.ip.twelve99.net,1299
1683503048,14,*,*,*
1683503048,15,62.115.125.55,phx-b6-link.ip.twelve99.net,1299
1683503048,16,140.91.194.5,???,31898
1683503048,17,*,*,*
1683503048,18,*,*,*
1683503048,19,*,*,*
1683503048,20,*,*,*
1683503048,21,*,*,*
1683503048,22,*,*,*
1683503048,23,*,*,*
1683503048,24,*,*,*
1683503048,25,*,*,*
1683503048,26,*,*,*
1683503048,27,*,*,*
1683503048,28,*,*,*
1683503048,29,*,*,*
1683505263,1,192.168.1.1,???,
1683505263,2,100.64.0.1,???,
1683505263,3,172.16.251.90,???,
1683505263,4,206.224.65.208,undefined.hostname.localhost,14593
1683505263,5,206.224.65.192,undefined.hostname.localhost,14593
1683505263,6,62.115.114.90,ffm-bb2-link.ip.twelve99.net,1299
1683505263,7,62.115.114.90,ffm-bb2-link.ip.twelve99.net,1299
1683505263,8,62.115.122.138,prs-bb2-link.ip.twelve99.net,1299
1683505263,9,62.115.122.159,rest-bb1-link.ip.twelve99.net,1299
1683505263,10,*,*,*
1683505263,11,*,*,*
1683505263,12,62.115.137.45,dls-bb1-link.ip.twelve99.net,1299
1683505263,13,62.115.136.119,dls-b23-link.ip.twelve99.net,1299
1683505263,14,*,*,*
1683505263,15,62.115.125.55,phx-b6-link.ip.twelve99.net,1299
1683505263,16,140.91.194.5,???,31898
1683505263,17,*,*,*
1683505263,18,*,*,*
1683505263,19,*,*,*
1683505263,20,*,*,*
1683505263,21,*,*,*
1683505263,22,*,*,*
1683505263,23,*,*,*
1683505263,24,*,*,*
1683505263,25,*,*,*
1683505263,26,*,*,*
1683505263,27,*,*,*
1683505263,28,*,*,*
1683505263,29,*,*,*
1683507477,1,192.168.1.1,???,
1683507477,2,100.64.0.1,???,
1683507477,3,172.16.251.90,???,
1683507477,4,206.224.65.208,undefined.hostname.localhost,14593
1683507477,5,206.224.65.192,undefined.hostname.localhost,14593
1683507477,6,62.115.114.90,ffm-bb2-link.ip.twelve99.net,1299
1683507477,7,62.115.114.90,ffm-bb2-link.ip.twelve99.net,1299
1683507477,8,62.115.122.138,prs-bb2-link.ip.twelve99.net,1299
1683507477,9,62.115.122.159,rest-bb1-link.ip.twelve99.net,1299
1683507477,10,62.115.138.71,atl-bb1-link.ip.twelve99.net,1299
1683507477,11,*,*,*
1683507477,12,*,*,*
1683507477,13,62.115.136.119,dls-b23-link.ip.twelve99.net,1299
1683507477,14,*,*,*
1683507477,15,62.115.125.55,phx-b6-link.ip.twelve99.net,1299
1683507477,16,140.91.194.5,???,31898
1683507477,17,*,*,*
1683507477,18,*,*,*
1683507477,19,*,*,*
1683507477,20,*,*,*
1683507477,21,*,*,*
1683507477,22,*,*,*
1683507477,23,*,*,*
1683507477,24,*,*,*
1683507477,25,*,*,*
1683507477,26,*,*,*
1683507477,27,*,*,*
1683507477,28,*,*,*
1683507477,29,*,*,*
1683509695,1,192.168.1.1,???,
1683509695,2,100.64.0.1,???,
1683509695,3,172.16.251.90,???,
1683509695,4,206.224.65.208,undefined.hostname.localhost,14593
1683509695,5,206.224.65.192,undefined.hostname.localhost,14593
1683509695,6,62.115.114.90,ffm-bb2-link.ip.twelve99.net,1299
1683509695,7,62.115.114.90,ffm-bb2-link.ip.twelve99.net,1299
1683509695,8,62.115.122.138,prs-bb2-link.ip.twelve99.net,1299
1683509695,9,62.115.122.159,rest-bb1-link.ip.twelve99.net,1299
1683509695,10,62.115.138.71,atl-bb1-link.ip.twelve99.net,1299
1683509695,11,*,*,*
1683509695,12,*,*,*
1683509695,13,62.115.136.119,dls-b23-link.ip.twelve99.net,1299
1683509695,14,*,*,*
1683509695,15,62.115.125.55,phx-b6-link.ip.twelve99.net,1299
1683509695,16,140.91.194.5,???,31898
1683509695,17,*,*,*
1683509695,18,*,*,*
1683509695,19,*,*,*
1683509695,20,*,*,*
1683509695,21,*,*,*
1683509695,22,*,*,*
1683509695,23,*,*,*
1683509695,24,*,*,*
1683509695,25,*,*,*
1683509695,26,*,*,*
1683509695,27,*,*,*
1683509695,28,*,*,*
1683509695,29,*,*,*
1683511922,1,192.168.1.1,???,
1683511922,2,100.64.0.1,???,
1683511922,3,172.16.251.90,???,
1683511922,4,206.224.65.208,undefined.hostname.localhost,14593
1683511922,5,206.224.65.192,undefined.hostname.localhost,14593
1683511922,6,62.115.114.88,ffm-bb1-link.ip.twelve99.net,1299
1683511922,7,62.115.114.88,ffm-bb1-link.ip.twelve99.net,1299
1683511922,8,62.115.123.13,prs-bb1-link.ip.twelve99.net,1299
1683511922,9,*,*,*
1683511922,10,62.115.125.128,atl-b24-link.ip.twelve99.net,1299
1683511922,11,*,*,*
1683511922,12,62.115.125.55,phx-b6-link.ip.twelve99.net,1299
1683511922,13,140.91.194.5,???,31898
1683511922,14,*,*,*
1683511922,15,*,*,*
1683511922,16,*,*,*
1683511922,17,*,*,*
1683511922,18,*,*,*
1683511922,19,*,*,*
1683511922,20,*,*,*
1683511922,21,*,*,*
1683511922,22,*,*,*
1683511922,23,*,*,*
1683511922,24,*,*,*
1683511922,25,*,*,*
1683511922,26,*,*,*
1683511922,27,*,*,*
1683511922,28,*,*,*
1683511922,29,*,*,*
1683514180,1,192.168.1.1,???,
1683514180,2,100.64.0.1,???,
1683514180,3,172.16.251.90,???,
1683514180,4,206.224.65.208,undefined.hostname.localhost,14593
1683514180,5,206.224.65.192,undefined.hostname.localhost,14593
1683514180,6,62.115.114.88,ffm-bb1-link.ip.twelve99.net,1299
1683514180,7,62.115.114.88,ffm-bb1-link.ip.twelve99.net,1299
1683514180,8,62.115.123.13,prs-bb1-link.ip.twelve99.net,1299
1683514180,9,*,*,*
1683514180,10,62.115.125.128,atl-b24-link.ip.twelve99.net,1299
1683514180,11,62.115.116.212,dls-bb2-link.ip.twelve99.net,1299
1683514180,12,62.115.125.55,phx-b6-link.ip.twelve99.net,1299
1683514180,13,140.91.194.5,???,31898
1683514180,14,*,*,*
1683514180,15,*,*,*
1683514180,16,*,*,*
1683514180,17,*,*,*
1683514180,18,*,*,*
1683514180,19,*,*,*
1683514180,20,*,*,*
1683514180,21,*,*,*
1683514180,22,*,*,*
1683514180,23,*,*,*
1683514180,24,*,*,*
1683514180,25,*,*,*
1683514180,26,*,*,*
1683514180,27,*,*,*
1683514180,28,*,*,*
1683514180,29,*,*,*
1683516377,1,192.168.1.1,???,
1683516377,2,100.64.0.1,???,
1683516377,3,172.16.251.90,???,
1683516377,4,206.224.65.208,undefined.hostname.localhost,14593
1683516377,5,206.224.65.192,undefined.hostname.localhost,14593
1683516377,6,62.115.114.88,ffm-bb1-link.ip.twelve99.net,1299
1683516377,7,62.115.114.88,ffm-bb1-link.ip.twelve99.net,1299
1683516377,8,62.115.123.13,prs-bb1-link.ip.twelve99.net,1299
1683516377,9,62.115.112.242,ash-bb2-link.ip.twelve99.net,1299
1683516377,10,62.115.125.128,atl-b24-link.ip.twelve99.net,1299
1683516377,11,*,*,*
1683516377,12,62.115.125.55,phx-b6-link.ip.twelve99.net,1299
1683516377,13,140.91.194.5,???,31898
1683516377,14,*,*,*
1683516377,15,*,*,*
1683516377,16,*,*,*
1683516377,17,*,*,*
1683516377,18,*,*,*
1683516377,19,*,*,*
1683516377,20,*,*,*
1683516377,21,*,*,*
1683516377,22,*,*,*
1683516377,23,*,*,*
1683516377,24,*,*,*
1683516377,25,*,*,*
1683516377,26,*,*,*
1683516377,27,*,*,*
1683516377,28,*,*,*
1683516377,29,*,*,*
1683518648,1,192.168.1.1,???,
1683518648,2,100.64.0.1,???,
1683518648,3,172.16.251.90,???,
1683518648,4,206.224.65.208,undefined.hostname.localhost,14593
1683518648,5,206.224.65.192,undefined.hostname.localhost,14593
1683518648,6,62.115.114.90,ffm-bb2-link.ip.twelve99.net,1299
1683518648,7,62.115.114.90,ffm-bb2-link.ip.twelve99.net,1299
1683518648,8,62.115.122.138,prs-bb2-link.ip.twelve99.net,1299
1683518648,9,62.115.122.159,rest-bb1-link.ip.twelve99.net,1299
1683518648,10,*,*,*
1683518648,11,*,*,*
1683518648,12,*,*,*
1683518648,13,62.115.136.119,dls-b23-link.ip.twelve99.net,1299
1683518648,14,*,*,*
1683518648,15,62.115.125.55,phx-b6-link.ip.twelve99.net,1299
1683518648,16,140.91.194.5,???,31898
1683518648,17,*,*,*
1683518648,18,*,*,*
1683518648,19,*,*,*
1683518648,20,*,*,*
1683518648,21,*,*,*
1683518648,22,*,*,*
1683518648,23,*,*,*
1683518648,24,*,*,*
1683518648,25,*,*,*
1683518648,26,*,*,*
1683518648,27,*,*,*
1683518648,28,*,*,*
1683518648,29,*,*,*
1683521062,1,192.168.1.1,???,
1683521062,2,100.64.0.1,???,
1683521062,3,172.16.251.90,???,
1683521062,4,206.224.65.208,undefined.hostname.localhost,14593
1683521062,5,206.224.65.192,undefined.hostname.localhost,14593
1683521062,6,62.115.114.90,ffm-bb2-link.ip.twelve99.net,1299
1683521062,7,62.115.114.90,ffm-bb2-link.ip.twelve99.net,1299
1683521062,8,62.115.122.138,prs-bb2-link.ip.twelve99.net,1299
1683521062,9,62.115.122.159,rest-bb1-link.ip.twelve99.net,1299
1683521062,10,62.115.138.71,atl-bb1-link.ip.twelve99.net,1299
1683521062,11,*,*,*
1683521062,12,*,*,*
1683521062,13,62.115.136.119,dls-b23-link.ip.twelve99.net,1299
1683521062,14,*,*,*
1683521062,15,62.115.125.55,phx-b6-link.ip.twelve99.net,1299
1683521062,16,140.91.194.5,???,31898
1683521062,17,*,*,*
1683521062,18,*,*,*
1683521062,19,*,*,*
1683521062,20,*,*,*
1683521062,21,*,*,*
1683521062,22,*,*,*
1683521062,23,*,*,*
1683521062,24,*,*,*
1683521062,25,*,*,*
1683521062,26,*,*,*
1683521062,27,*,*,*
1683521062,28,*,*,*
1683521062,29,*,*,*
1683523712,1,192.168.1.1,???,
1683523712,2,100.64.0.1,???,
1683523712,3,172.16.251.90,???,
1683523712,4,206.224.65.208,undefined.hostname.localhost,14593
1683523712,5,206.224.65.192,undefined.hostname.localhost,14593
1683523712,6,62.115.114.90,ffm-bb2-link.ip.twelve99.net,1299
1683523712,7,62.115.114.90,ffm-bb2-link.ip.twelve99.net,1299
1683523712,8,62.115.122.138,prs-bb2-link.ip.twelve99.net,1299
1683523712,9,62.115.122.159,rest-bb1-link.ip.twelve99.net,1299
1683523712,10,62.115.138.71,atl-bb1-link.ip.twelve99.net,1299
1683523712,11,*,*,*
1683523712,12,*,*,*
1683523712,13,62.115.136.119,dls-b23-link.ip.twelve99.net,1299
1683523712,14,62.115.138.64,dls-bb2-link.ip.twelve99.net,1299
1683523712,15,62.115.125.55,phx-b6-link.ip.twelve99.net,1299
1683523712,16,140.91.194.5,???,31898
1683523712,17,*,*,*
1683523712,18,*,*,*
1683523712,19,*,*,*
1683523712,20,*,*,*
1683523712,21,*,*,*
1683523712,22,*,*,*
1683523712,23,*,*,*
1683523712,24,*,*,*
1683523712,25,*,*,*
1683523712,26,*,*,*
1683523712,27,*,*,*
1683523712,28,*,*,*
1683523712,29,*,*,*
1683526737,1,192.168.1.1,???,
1683526737,2,100.64.0.1,???,
1683526737,3,172.16.251.90,???,
1683526737,4,206.224.65.208,undefined.hostname.localhost,14593
1683526737,5,206.224.65.192,undefined.hostname.localhost,14593
1683526737,6,62.115.114.90,ffm-bb2-link.ip.twelve99.net,1299
1683526737,7,62.115.114.90,ffm-bb2-link.ip.twelve99.net,1299
1683526737,8,62.115.122.138,prs-bb2-link.ip.twelve99.net,1299
1683526737,9,62.115.122.159,rest-bb1-link.ip.twelve99.net,1299
1683526737,10,*,*,*
1683526737,11,*,*,*
1683526737,12,*,*,*
1683526737,13,62.115.136.119,dls-b23-link.ip.twelve99.net,1299
1683526737,14,62.115.138.64,dls-bb2-link.ip.twelve99.net,1299
1683526737,15,62.115.125.55,phx-b6-link.ip.twelve99.net,1299
1683526737,16,140.91.194.5,???,31898
1683526737,17,*,*,*
1683526737,18,*,*,*
1683526737,19,*,*,*
1683526737,20,*,*,*
1683526737,21,*,*,*
1683526737,22,*,*,*
1683526737,23,*,*,*
1683526737,24,*,*,*
1683526737,25,*,*,*
1683526737,26,*,*,*
1683526737,27,*,*,*
1683526737,28,*,*,*
1683526737,29,*,*,*
1683529773,1,192.168.1.1,???,
1683529773,2,100.64.0.1,???,
1683529773,3,172.16.251.90,???,
1683529773,4,206.224.65.208,undefined.hostname.localhost,14593
1683529773,5,206.224.65.192,undefined.hostname.localhost,14593
1683529773,6,62.115.114.88,ffm-bb1-link.ip.twelve99.net,1299
1683529773,7,62.115.114.88,ffm-bb1-link.ip.twelve99.net,1299
1683529773,8,62.115.123.13,prs-bb1-link.ip.twelve99.net,1299
1683529773,9,62.115.112.242,ash-bb2-link.ip.twelve99.net,1299
1683529773,10,62.115.125.128,atl-b24-link.ip.twelve99.net,1299
1683529773,11,*,*,*
1683529773,12,62.115.125.55,phx-b6-link.ip.twelve99.net,1299
1683529773,13,140.91.194.5,???,31898
1683529773,14,*,*,*
1683529773,15,*,*,*
1683529773,16,*,*,*
1683529773,17,*,*,*
1683529773,18,*,*,*
1683529773,19,*,*,*
1683529773,20,*,*,*
1683529773,21,*,*,*
1683529773,22,*,*,*
1683529773,23,*,*,*
1683529773,24,*,*,*
1683529773,25,*,*,*
1683529773,26,*,*,*
1683529773,27,*,*,*
1683529773,28,*,*,*
1683529773,29,*,*,*
1683532826,1,192.168.1.1,???,
1683532826,2,100.64.0.1,???,
1683532826,3,172.16.251.90,???,
1683532826,4,206.224.65.208,undefined.hostname.localhost,14593
1683532826,5,206.224.65.192,undefined.hostname.localhost,14593
1683532826,6,62.115.114.90,ffm-bb2-link.ip.twelve99.net,1299
1683532826,7,62.115.114.90,ffm-bb2-link.ip.twelve99.net,1299
1683532826,8,62.115.122.138,prs-bb2-link.ip.twelve99.net,1299
1683532826,9,62.115.122.159,rest-bb1-link.ip.twelve99.net,1299
1683532826,10,62.115.138.71,atl-bb1-link.ip.twelve99.net,1299
1683532826,11,*,*,*
1683532826,12,62.115.137.45,dls-bb1-link.ip.twelve99.net,1299
1683532826,13,62.115.136.119,dls-b23-link.ip.twelve99.net,1299
1683532826,14,*,*,*
1683532826,15,62.115.125.55,phx-b6-link.ip.twelve99.net,1299
1683532826,16,140.91.194.5,???,31898
1683532826,17,*,*,*
1683532826,18,*,*,*
1683532826,19,*,*,*
1683532826,20,*,*,*
1683532826,21,*,*,*
1683532826,22,*,*,*
1683532826,23,*,*,*
1683532826,24,*,*,*
1683532826,25,*,*,*
1683532826,26,*,*,*
1683532826,27,*,*,*
1683532826,28,*,*,*
1683532826,29,*,*,*
1683535981,1,192.168.1.1,???,
1683535981,2,100.64.0.1,???,
1683535981,3,172.16.251.90,???,
1683535981,4,206.224.65.208,undefined.hostname.localhost,14593
1683535981,5,206.224.65.192,undefined.hostname.localhost,14593
1683535981,6,62.115.114.90,ffm-bb2-link.ip.twelve99.net,1299
1683535981,7,62.115.114.90,ffm-bb2-link.ip.twelve99.net,1299
1683535981,8,62.115.122.138,prs-bb2-link.ip.twelve99.net,1299
1683535981,9,62.115.122.159,rest-bb1-link.ip.twelve99.net,1299
1683535981,10,62.115.138.71,atl-bb1-link.ip.twelve99.net,1299
1683535981,11,*,*,*
1683535981,12,*,*,*
1683535981,13,62.115.136.119,dls-b23-link.ip.twelve99.net,1299
1683535981,14,*,*,*
1683535981,15,62.115.125.55,phx-b6-link.ip.twelve99.net,1299
1683535981,16,140.91.194.5,???,31898
1683535981,17,*,*,*
1683535981,18,*,*,*
1683535981,19,*,*,*
1683535981,20,*,*,*
1683535981,21,*,*,*
1683535981,22,*,*,*
1683535981,23,*,*,*
1683535981,24,*,*,*
1683535981,25,*,*,*
1683535981,26,*,*,*
1683535981,27,*,*,*
1683535981,28,*,*,*
1683535981,29,*,*,*
1683539106,1,192.168.1.1,???,
1683539106,2,100.64.0.1,???,
1683539106,3,172.16.251.90,???,
1683539106,4,206.224.65.208,undefined.hostname.localhost,14593
1683539106,5,206.224.65.192,undefined.hostname.localhost,14593
1683539106,6,62.115.114.90,ffm-bb2-link.ip.twelve99.net,1299
1683539106,7,62.115.114.90,ffm-bb2-link.ip.twelve99.net,1299
1683539106,8,62.115.122.138,prs-bb2-link.ip.twelve99.net,1299
1683539106,9,62.115.122.159,rest-bb1-link.ip.twelve99.net,1299
1683539106,10,62.115.138.71,atl-bb1-link.ip.twelve99.net,1299
1683539106,11,*,*,*
1683539106,12,*,*,*
1683539106,13,62.115.136.119,dls-b23-link.ip.twelve99.net,1299
1683539106,14,*,*,*
1683539106,15,62.115.125.55,phx-b6-link.ip.twelve99.net,1299
1683539106,16,140.91.194.5,???,31898
1683539106,17,*,*,*
1683539106,18,*,*,*
1683539106,19,*,*,*
1683539106,20,*,*,*
1683539106,21,*,*,*
1683539106,22,*,*,*
1683539106,23,*,*,*
1683539106,24,*,*,*
1683539106,25,*,*,*
1683539106,26,*,*,*
1683539106,27,*,*,*
1683539106,28,*,*,*
1683539106,29,*,*,*
1683542310,1,192.168.1.1,???,
1683542310,2,100.64.0.1,???,
1683542310,3,172.16.251.90,???,
1683542310,4,206.224.65.208,undefined.hostname.localhost,14593
1683542310,5,206.224.65.192,undefined.hostname.localhost,14593
1683542310,6,62.115.114.90,ffm-bb2-link.ip.twelve99.net,1299
1683542310,7,62.115.114.90,ffm-bb2-link.ip.twelve99.net,1299
1683542310,8,62.115.122.138,prs-bb2-link.ip.twelve99.net,1299
1683542310,9,62.115.122.159,rest-bb1-link.ip.twelve99.net,1299
1683542310,10,*,*,*
1683542310,11,*,*,*
1683542310,12,*,*,*
1683542310,13,62.115.136.119,dls-b23-link.ip.twelve99.net,1299
1683542310,14,62.115.138.64,dls-bb2-link.ip.twelve99.net,1299
1683542310,15,62.115.125.55,phx-b6-link.ip.twelve99.net,1299
1683542310,16,140.91.194.5,???,31898
1683542310,17,*,*,*
1683542310,18,*,*,*
1683542310,19,*,*,*
1683542310,20,*,*,*
1683542310,21,*,*,*
1683542310,22,*,*,*
1683542310,23,*,*,*
1683542310,24,*,*,*
1683542310,25,*,*,*
1683542310,26,*,*,*
1683542310,27,*,*,*
1683542310,28,*,*,*
1683542310,29,*,*,*
1683545350,1,192.168.1.1,???,
1683545350,2,100.64.0.1,???,
1683545350,3,172.16.251.90,???,
1683545350,4,206.224.65.208,undefined.hostname.localhost,14593
1683545350,5,206.224.65.192,undefined.hostname.localhost,14593
1683545350,6,62.115.114.90,ffm-bb2-link.ip.twelve99.net,1299
1683545350,7,62.115.114.90,ffm-bb2-link.ip.twelve99.net,1299
1683545350,8,62.115.122.138,prs-bb2-link.ip.twelve99.net,1299
1683545350,9,62.115.122.159,rest-bb1-link.ip.twelve99.net,1299
1683545350,10,62.115.138.71,atl-bb1-link.ip.twelve99.net,1299
1683545350,11,*,*,*
1683545350,12,*,*,*
1683545350,13,62.115.136.119,dls-b23-link.ip.twelve99.net,1299
1683545350,14,*,*,*
1683545350,15,62.115.125.55,phx-b6-link.ip.twelve99.net,1299
1683545350,16,140.91.194.5,???,31898
1683545350,17,*,*,*
1683545350,18,*,*,*
1683545350,19,*,*,*
1683545350,20,*,*,*
1683545350,21,*,*,*
1683545350,22,*,*,*
1683545350,23,*,*,*
1683545350,24,*,*,*
1683545350,25,*,*,*
1683545350,26,*,*,*
1683545350,27,*,*,*
1683545350,28,*,*,*
1683545350,29,*,*,*
1683548700,1,192.168.1.1,???,
1683548700,2,100.64.0.1,???,
1683548700,3,172.16.251.90,???,
1683548700,4,206.224.65.208,undefined.hostname.localhost,14593
1683548700,5,206.224.65.192,undefined.hostname.localhost,14593
1683548700,6,62.115.114.90,ffm-bb2-link.ip.twelve99.net,1299
1683548700,7,62.115.114.90,ffm-bb2-link.ip.twelve99.net,1299
1683548700,8,62.115.122.138,prs-bb2-link.ip.twelve99.net,1299
1683548700,9,62.115.122.159,rest-bb1-link.ip.twelve99.net,1299
1683548700,10,*,*,*
1683548700,11,*,*,*
1683548700,12,*,*,*
1683548700,13,62.115.136.119,dls-b23-link.ip.twelve99.net,1299
1683548700,14,*,*,*
1683548700,15,62.115.125.55,phx-b6-link.ip.twelve99.net,1299
1683548700,16,140.91.194.5,???,31898
1683548700,17,*,*,*
1683548700,18,*,*,*
1683548700,19,*,*,*
1683548700,20,*,*,*
1683548700,21,*,*,*
1683548700,22,*,*,*
1683548700,23,*,*,*
1683548700,24,*,*,*
1683548700,25,*,*,*
1683548700,26,*,*,*
1683548700,27,*,*,*
1683548700,28,*,*,*
1683548700,29,*,*,*
1683551785,1,192.168.1.1,???,
1683551785,2,100.64.0.1,???,
1683551785,3,172.16.251.90,???,
1683551785,4,206.224.65.208,undefined.hostname.localhost,14593
1683551785,5,206.224.65.192,undefined.hostname.localhost,14593
1683551785,6,62.115.114.90,ffm-bb2-link.ip.twelve99.net,1299
1683551785,7,62.115.114.90,ffm-bb2-link.ip.twelve99.net,1299
1683551785,8,62.115.122.138,prs-bb2-link.ip.twelve99.net,1299
1683551785,9,62.115.122.159,rest-bb1-link.ip.twelve99.net,1299
1683551785,10,*,*,*
1683551785,11,*,*,*
1683551785,12,*,*,*
1683551785,13,62.115.136.119,dls-b23-link.ip.twelve99.net,1299
1683551785,14,*,*,*
1683551785,15,62.115.125.55,phx-b6-link.ip.twelve99.net,1299
1683551785,16,140.91.194.5,???,31898
1683551785,17,*,*,*
1683551785,18,*,*,*
1683551785,19,*,*,*
1683551785,20,*,*,*
1683551785,21,*,*,*
1683551785,22,*,*,*
1683551785,23,*,*,*
1683551785,24,*,*,*
1683551785,25,*,*,*
1683551785,26,*,*,*
1683551785,27,*,*,*
1683551785,28,*,*,*
1683551785,29,*,*,*
1683554884,1,192.168.1.1,???,
1683554884,2,100.64.0.1,???,
1683554884,3,172.16.251.90,???,
1683554884,4,206.224.65.208,undefined.hostname.localhost,14593
1683554884,5,206.224.65.192,undefined.hostname.localhost,14593
1683554884,6,62.115.114.90,ffm-bb2-link.ip.twelve99.net,1299
1683554884,7,62.115.114.90,ffm-bb2-link.ip.twelve99.net,1299
1683554884,8,62.115.122.138,prs-bb2-link.ip.twelve99.net,1299
1683554884,9,62.115.122.159,rest-bb1-link.ip.twelve99.net,1299
1683554884,10,*,*,*
1683554884,11,*,*,*
1683554884,12,*,*,*
1683554884,13,62.115.136.119,dls-b23-link.ip.twelve99.net,1299
1683554884,14,62.115.138.64,dls-bb2-link.ip.twelve99.net,1299
1683554884,15,62.115.125.55,phx-b6-link.ip.twelve99.net,1299
1683554884,16,140.91.194.5,???,31898
1683554884,17,*,*,*
1683554884,18,*,*,*
1683554884,19,*,*,*
1683554884,20,*,*,*
1683554884,21,*,*,*
1683554884,22,*,*,*
1683554884,23,*,*,*
1683554884,24,*,*,*
1683554884,25,*,*,*
1683554884,26,*,*,*
1683554884,27,*,*,*
1683554884,28,*,*,*
1683554884,29,*,*,*
1683557894,1,192.168.1.1,???,
1683557894,2,100.64.0.1,???,
1683557894,3,172.16.251.90,???,
1683557894,4,206.224.65.208,undefined.hostname.localhost,14593
1683557894,5,206.224.65.192,undefined.hostname.localhost,14593
1683557894,6,62.115.114.90,ffm-bb2-link.ip.twelve99.net,1299
1683557894,7,62.115.114.90,ffm-bb2-link.ip.twelve99.net,1299
1683557894,8,62.115.122.138,prs-bb2-link.ip.twelve99.net,1299
1683557894,9,62.115.122.159,rest-bb1-link.ip.twelve99.net,1299
1683557894,10,62.115.138.71,atl-bb1-link.ip.twelve99.net,1299
1683557894,11,*,*,*
1683557894,12,*,*,*
1683557894,13,62.115.136.119,dls-b23-link.ip.twelve99.net,1299
1683557894,14,*,*,*
1683557894,15,62.115.125.55,phx-b6-link.ip.twelve99.net,1299
1683557894,16,140.91.194.5,???,31898
1683557894,17,*,*,*
1683557894,18,*,*,*
1683557894,19,*,*,*
1683557894,20,*,*,*
1683557894,21,*,*,*
1683557894,22,*,*,*
1683557894,23,*,*,*
1683557894,24,*,*,*
1683557894,25,*,*,*
1683557894,26,*,*,*
1683557894,27,*,*,*
1683557894,28,*,*,*
1683557894,29,*,*,*
1683560859,1,192.168.1.1,???,
1683560859,2,100.64.0.1,???,
1683560859,3,172.16.251.90,???,
1683560859,4,*,*,*
1683560859,5,206.224.65.192,undefined.hostname.localhost,14593
1683560859,6,62.115.114.90,ffm-bb2-link.ip.twelve99.net,1299
1683560859,7,62.115.114.90,ffm-bb2-link.ip.twelve99.net,1299
1683560859,8,62.115.122.138,prs-bb2-link.ip.twelve99.net,1299
1683560859,9,62.115.122.159,rest-bb1-link.ip.twelve99.net,1299
1683560859,10,*,*,*
1683560859,11,*,*,*
1683560859,12,*,*,*
1683560859,13,62.115.136.119,dls-b23-link.ip.twelve99.net,1299
1683560859,14,*,*,*
1683560859,15,62.115.125.55,phx-b6-link.ip.twelve99.net,1299
1683560859,16,140.91.194.5,???,31898
1683560859,17,*,*,*
1683560859,18,*,*,*
1683560859,19,*,*,*
1683560859,20,*,*,*
1683560859,21,*,*,*
1683560859,22,*,*,*
1683560859,23,*,*,*
1683560859,24,*,*,*
1683560859,25,*,*,*
1683560859,26,*,*,*
1683560859,27,*,*,*
1683560859,28,*,*,*
1683560859,29,*,*,*
1683563820,1,192.168.1.1,???,
1683563820,2,100.64.0.1,???,
1683563820,3,172.16.251.90,???,
1683563820,4,206.224.65.208,undefined.hostname.localhost,14593
1683563820,5,206.224.65.192,undefined.hostname.localhost,14593
1683563820,6,62.115.114.90,ffm-bb2-link.ip.twelve99.net,1299
1683563820,7,62.115.114.90,ffm-bb2-link.ip.twelve99.net,1299
1683563820,8,62.115.122.138,prs-bb2-link.ip.twelve99.net,1299
1683563820,9,62.115.122.159,rest-bb1-link.ip.twelve99.net,1299
1683563820,10,*,*,*
1683563820,11,*,*,*
1683563820,12,*,*,*
1683563820,13,62.115.136.119,dls-b23-link.ip.twelve99.net,1299
1683563820,14,*,*,*
1683563820,15,62.115.125.55,phx-b6-link.ip.twelve99.net,1299
1683563820,16,140.91.194.5,???,31898
1683563820,17,*,*,*
1683563820,18,*,*,*
1683563820,19,*,*,*
1683563820,20,*,*,*
1683563820,21,*,*,*
1683563820,22,*,*,*
1683563820,23,*,*,*
1683563820,24,*,*,*
1683563820,25,*,*,*
1683563820,26,*,*,*
1683563820,27,*,*,*
1683563820,28,*,*,*
1683563820,29,*,*,*
1683566664,1,192.168.1.1,???,
1683566664,2,100.64.0.1,???,
1683566664,3,172.16.251.90,???,
1683566664,4,206.224.65.208,undefined.hostname.localhost,14593
1683566664,5,206.224.65.192,undefined.hostname.localhost,14593
1683566664,6,62.115.114.90,ffm-bb2-link.ip.twelve99.net,1299
1683566664,7,62.115.114.90,ffm-bb2-link.ip.twelve99.net,1299
1683566664,8,62.115.122.138,prs-bb2-link.ip.twelve99.net,1299
1683566664,9,*,*,*
1683566664,10,*,*,*
1683566664,11,*,*,*
1683566664,12,*,*,*
1683566664,13,62.115.136.119,dls-b23-link.ip.twelve99.net,1299
1683566664,14,*,*,*
1683566664,15,62.115.125.55,phx-b6-link.ip.twelve99.net,1299
1683566664,16,140.91.194.5,???,31898
1683566664,17,*,*,*
1683566664,18,*,*,*
1683566664,19,*,*,*
1683566664,20,*,*,*
1683566664,21,*,*,*
1683566664,22,*,*,*
1683566664,23,*,*,*
1683566664,24,*,*,*
1683566664,25,*,*,*
1683566664,26,*,*,*
1683566664,27,*,*,*
1683566664,28,*,*,*
1683566664,29,*,*,*
1683569545,1,192.168.1.1,???,
1683569545,2,100.64.0.1,???,
1683569545,3,172.16.251.90,???,
1683569545,4,206.224.65.208,undefined.hostname.localhost,14593
1683569545,5,206.224.65.192,undefined.hostname.localhost,14593
1683569545,6,62.115.114.90,ffm-bb2-link.ip.twelve99.net,1299
1683569545,7,62.115.114.90,ffm-bb2-link.ip.twelve99.net,1299
1683569545,8,62.115.122.138,prs-bb2-link.ip.twelve99.net,1299
1683569545,9,62.115.122.159,rest-bb1-link.ip.twelve99.net,1299
1683569545,10,62.115.138.71,atl-bb1-link.ip.twelve99.net,1299
1683569545,11,*,*,*
1683569545,12,*,*,*
1683569545,13,62.115.136.119,dls-b23-link.ip.twelve99.net,1299
1683569545,14,*,*,*
1683569545,15,62.115.125.55,phx-b6-link.ip.twelve99.net,1299
1683569545,16,140.91.194.5,???,31898
1683569545,17,*,*,*
1683569545,18,*,*,*
1683569545,19,*,*,*
1683569545,20,*,*,*
1683569545,21,*,*,*
1683569545,22,*,*,*
1683569545,23,*,*,*
1683569545,24,*,*,*
1683569545,25,*,*,*
1683569545,26,*,*,*
1683569545,27,*,*,*
1683569545,28,*,*,*
1683569545,29,*,*,*
1683572325,1,192.168.1.1,???,
1683572325,2,100.64.0.1,???,
1683572325,3,172.16.251.90,???,
1683572325,4,206.224.65.208,undefined.hostname.localhost,14593
1683572325,5,206.224.65.192,undefined.hostname.localhost,14593
1683572325,6,62.115.114.90,ffm-bb2-link.ip.twelve99.net,1299
1683572325,7,62.115.114.90,ffm-bb2-link.ip.twelve99.net,1299
1683572325,8,62.115.122.138,prs-bb2-link.ip.twelve99.net,1299
1683572325,9,62.115.122.159,rest-bb1-link.ip.twelve99.net,1299
1683572325,10,62.115.138.71,atl-bb1-link.ip.twelve99.net,1299
1683572325,11,*,*,*
1683572325,12,*,*,*
1683572325,13,62.115.136.119,dls-b23-link.ip.twelve99.net,1299
1683572325,14,*,*,*
1683572325,15,62.115.125.55,phx-b6-link.ip.twelve99.net,1299
1683572325,16,140.91.194.5,???,31898
1683572325,17,*,*,*
1683572325,18,*,*,*
1683572325,19,*,*,*
1683572325,20,*,*,*
1683572325,21,*,*,*
1683572325,22,*,*,*
1683572325,23,*,*,*
1683572325,24,*,*,*
1683572325,25,*,*,*
1683572325,26,*,*,*
1683572325,27,*,*,*
1683572325,28,*,*,*
1683572325,29,*,*,*
1683575165,1,192.168.1.1,???,
1683575165,2,100.64.0.1,???,
1683575165,3,172.16.251.90,???,
1683575165,4,206.224.65.208,undefined.hostname.localhost,14593
1683575165,5,206.224.65.192,undefined.hostname.localhost,14593
1683575165,6,62.115.114.90,ffm-bb2-link.ip.twelve99.net,1299
1683575165,7,62.115.114.90,ffm-bb2-link.ip.twelve99.net,1299
1683575165,8,62.115.122.138,prs-bb2-link.ip.twelve99.net,1299
1683575165,9,62.115.122.159,rest-bb1-link.ip.twelve99.net,1299
1683575165,10,62.115.138.71,atl-bb1-link.ip.twelve99.net,1299
1683575165,11,*,*,*
1683575165,12,*,*,*
1683575165,13,62.115.136.119,dls-b23-link.ip.twelve99.net,1299
1683575165,14,*,*,*
1683575165,15,62.115.125.55,phx-b6-link.ip.twelve99.net,1299
1683575165,16,140.91.194.5,???,31898
1683575165,17,*,*,*
1683575165,18,*,*,*
1683575165,19,*,*,*
1683575165,20,*,*,*
1683575165,21,*,*,*
1683575165,22,*,*,*
1683575165,23,*,*,*
1683575165,24,*,*,*
1683575165,25,*,*,*
1683575165,26,*,*,*
1683575165,27,*,*,*
1683575165,28,*,*,*
1683575165,29,*,*,*
1683578055,1,192.168.1.1,???,
1683578055,2,100.64.0.1,???,
1683578055,3,172.16.251.90,???,
1683578055,4,206.224.65.208,undefined.hostname.localhost,14593
1683578055,5,206.224.65.192,undefined.hostname.localhost,14593
1683578055,6,62.115.114.90,ffm-bb2-link.ip.twelve99.net,1299
1683578055,7,62.115.114.90,ffm-bb2-link.ip.twelve99.net,1299
1683578055,8,62.115.122.138,prs-bb2-link.ip.twelve99.net,1299
1683578055,9,62.115.122.159,rest-bb1-link.ip.twelve99.net,1299
1683578055,10,62.115.138.71,atl-bb1-link.ip.twelve99.net,1299
1683578055,11,*,*,*
1683578055,12,62.115.137.45,dls-bb1-link.ip.twelve99.net,1299
1683578055,13,62.115.136.119,dls-b23-link.ip.twelve99.net,1299
1683578055,14,*,*,*
1683578055,15,62.115.125.55,phx-b6-link.ip.twelve99.net,1299
1683578055,16,140.91.194.5,???,31898
1683578055,17,*,*,*
1683578055,18,*,*,*
1683578055,19,*,*,*
1683578055,20,*,*,*
1683578055,21,*,*,*
1683578055,22,*,*,*
1683578055,23,*,*,*
1683578055,24,*,*,*
1683578055,25,*,*,*
1683578055,26,*,*,*
1683578055,27,*,*,*
1683578055,28,*,*,*
1683578055,29,*,*,*
1683580512,1,192.168.1.1,???,
1683580512,2,100.64.0.1,???,
1683580512,3,172.16.251.90,???,
1683580512,4,206.224.65.208,undefined.hostname.localhost,14593
1683580512,5,206.224.65.192,undefined.hostname.localhost,14593
1683580512,6,62.115.114.90,ffm-bb2-link.ip.twelve99.net,1299
1683580512,7,62.115.114.90,ffm-bb2-link.ip.twelve99.net,1299
1683580512,8,62.115.122.138,prs-bb2-link.ip.twelve99.net,1299
1683580512,9,62.115.122.159,rest-bb1-link.ip.twelve99.net,1299
1683580512,10,62.115.138.71,atl-bb1-link.ip.twelve99.net,1299
1683580512,11,*,*,*
1683580512,12,*,*,*
1683580512,13,62.115.136.119,dls-b23-link.ip.twelve99.net,1299
1683580512,14,*,*,*
1683580512,15,62.115.125.55,phx-b6-link.ip.twelve99.net,1299
1683580512,16,140.91.194.5,???,31898
1683580512,17,*,*,*
1683580512,18,*,*,*
1683580512,19,*,*,*
1683580512,20,*,*,*
1683580512,21,*,*,*
1683580512,22,*,*,*
1683580512,23,*,*,*
1683580512,24,*,*,*
1683580512,25,*,*,*
1683580512,26,*,*,*
1683580512,27,*,*,*
1683580512,28,*,*,*
1683580512,29,*,*,*
1683582754,1,192.168.1.1,???,
1683582754,2,100.64.0.1,???,
1683582754,3,172.16.251.90,???,
1683582754,4,206.224.65.208,undefined.hostname.localhost,14593
1683582754,5,206.224.65.192,undefined.hostname.localhost,14593
1683582754,6,62.115.114.90,ffm-bb2-link.ip.twelve99.net,1299
1683582754,7,62.115.114.90,ffm-bb2-link.ip.twelve99.net,1299
1683582754,8,62.115.122.138,prs-bb2-link.ip.twelve99.net,1299
1683582754,9,62.115.122.159,rest-bb1-link.ip.twelve99.net,1299
1683582754,10,62.115.138.71,atl-bb1-link.ip.twelve99.net,1299
1683582754,11,*,*,*
1683582754,12,*,*,*
1683582754,13,62.115.136.119,dls-b23-link.ip.twelve99.net,1299
1683582754,14,*,*,*
1683582754,15,62.115.125.55,phx-b6-link.ip.twelve99.net,1299
1683582754,16,140.91.194.5,???,31898
1683582754,17,*,*,*
1683582754,18,*,*,*
1683582754,19,*,*,*
1683582754,20,*,*,*
1683582754,21,*,*,*
1683582754,22,*,*,*
1683582754,23,*,*,*
1683582754,24,*,*,*
1683582754,25,*,*,*
1683582754,26,*,*,*
1683582754,27,*,*,*
1683582754,28,*,*,*
1683582754,29,*,*,*
1683584989,1,192.168.1.1,???,
1683584989,2,100.64.0.1,???,
1683584989,3,172.16.251.90,???,
1683584989,4,206.224.65.208,undefined.hostname.localhost,14593
1683584989,5,206.224.65.192,undefined.hostname.localhost,14593
1683584989,6,62.115.114.90,ffm-bb2-link.ip.twelve99.net,1299
1683584989,7,62.115.114.90,ffm-bb2-link.ip.twelve99.net,1299
1683584989,8,62.115.122.138,prs-bb2-link.ip.twelve99.net,1299
1683584989,9,62.115.122.159,rest-bb1-link.ip.twelve99.net,1299
1683584989,10,*,*,*
1683584989,11,62.115.137.55,nash-bb1-link.ip.twelve99.net,1299
1683584989,12,*,*,*
1683584989,13,62.115.136.119,dls-b23-link.ip.twelve99.net,1299
1683584989,14,62.115.138.64,dls-bb2-link.ip.twelve99.net,1299
1683584989,15,62.115.125.55,phx-b6-link.ip.twelve99.net,1299
1683584989,16,140.91.194.5,???,31898
1683584989,17,*,*,*
1683584989,18,*,*,*
1683584989,19,*,*,*
1683584989,20,*,*,*
1683584989,21,*,*,*
1683584989,22,*,*,*
1683584989,23,*,*,*
1683584989,24,*,*,*
1683584989,25,*,*,*
1683584989,26,*,*,*
1683584989,27,*,*,*
1683584989,28,*,*,*
1683584989,29,*,*,*
1683587144,1,192.168.1.1,???,
1683587144,2,100.64.0.1,???,
1683587144,3,172.16.251.90,???,
1683587144,4,206.224.65.208,undefined.hostname.localhost,14593
1683587144,5,206.224.65.192,undefined.hostname.localhost,14593
1683587144,6,62.115.114.90,ffm-bb2-link.ip.twelve99.net,1299
1683587144,7,62.115.114.90,ffm-bb2-link.ip.twelve99.net,1299
1683587144,8,62.115.122.138,prs-bb2-link.ip.twelve99.net,1299
1683587144,9,62.115.122.159,rest-bb1-link.ip.twelve99.net,1299
1683587144,10,62.115.138.71,atl-bb1-link.ip.twelve99.net,1299
1683587144,11,*,*,*
1683587144,12,*,*,*
1683587144,13,62.115.136.119,dls-b23-link.ip.twelve99.net,1299
1683587144,14,62.115.138.64,dls-bb2-link.ip.twelve99.net,1299
1683587144,15,62.115.125.55,phx-b6-link.ip.twelve99.net,1299
1683587144,16,140.91.194.5,???,31898
1683587144,17,*,*,*
1683587144,18,*,*,*
1683587144,19,*,*,*
1683587144,20,*,*,*
1683587144,21,*,*,*
1683587144,22,*,*,*
1683587144,23,*,*,*
1683587144,24,*,*,*
1683587144,25,*,*,*
1683587144,26,*,*,*
1683587144,27,*,*,*
1683587144,28,*,*,*
1683587144,29,*,*,*
1683589305,1,192.168.1.1,???,
1683589305,2,100.64.0.1,???,
1683589305,3,172.16.251.90,???,
1683589305,4,206.224.65.208,undefined.hostname.localhost,14593
1683589305,5,206.224.65.192,undefined.hostname.localhost,14593
1683589305,6,62.115.114.90,ffm-bb2-link.ip.twelve99.net,1299
1683589305,7,62.115.114.90,ffm-bb2-link.ip.twelve99.net,1299
1683589305,8,62.115.122.138,prs-bb2-link.ip.twelve99.net,1299
1683589305,9,62.115.122.159,rest-bb1-link.ip.twelve99.net,1299
1683589305,10,*,*,*
1683589305,11,*,*,*
1683589305,12,62.115.137.45,dls-bb1-link.ip.twelve99.net,1299
1683589305,13,62.115.136.119,dls-b23-link.ip.twelve99.net,1299
1683589305,14,*,*,*
1683589305,15,62.115.125.55,phx-b6-link.ip.twelve99.net,1299
1683589305,16,140.91.194.5,???,31898
1683589305,17,*,*,*
1683589305,18,*,*,*
1683589305,19,*,*,*
1683589305,20,*,*,*
1683589305,21,*,*,*
1683589305,22,*,*,*
1683589305,23,*,*,*
1683589305,24,*,*,*
1683589305,25,*,*,*
1683589305,26,*,*,*
1683589305,27,*,*,*
1683589305,28,*,*,*
1683589305,29,*,*,*
1683591482,1,192.168.1.1,???,
1683591482,2,100.64.0.1,???,
1683591482,3,172.16.251.90,???,
1683591482,4,206.224.65.208,undefined.hostname.localhost,14593
1683591482,5,206.224.65.192,undefined.hostname.localhost,14593
1683591482,6,62.115.114.90,ffm-bb2-link.ip.twelve99.net,1299
1683591482,7,62.115.114.90,ffm-bb2-link.ip.twelve99.net,1299
1683591482,8,62.115.122.138,prs-bb2-link.ip.twelve99.net,1299
1683591482,9,62.115.122.159,rest-bb1-link.ip.twelve99.net,1299
1683591482,10,62.115.138.71,atl-bb1-link.ip.twelve99.net,1299
1683591482,11,*,*,*
1683591482,12,*,*,*
1683591482,13,62.115.136.119,dls-b23-link.ip.twelve99.net,1299
1683591482,14,62.115.138.64,dls-bb2-link.ip.twelve99.net,1299
1683591482,15,62.115.125.55,phx-b6-link.ip.twelve99.net,1299
1683591482,16,140.91.194.5,???,31898
1683591482,17,*,*,*
1683591482,18,*,*,*
1683591482,19,*,*,*
1683591482,20,*,*,*
1683591482,21,*,*,*
1683591482,22,*,*,*
1683591482,23,*,*,*
1683591482,24,*,*,*
1683591482,25,*,*,*
1683591482,26,*,*,*
1683591482,27,*,*,*
1683591482,28,*,*,*
1683591482,29,*,*,*
1683593632,1,192.168.1.1,???,
1683593632,2,100.64.0.1,???,
1683593632,3,172.16.251.90,???,
1683593632,4,206.224.65.208,undefined.hostname.localhost,14593
1683593632,5,206.224.65.192,undefined.hostname.localhost,14593
1683593632,6,62.115.114.90,ffm-bb2-link.ip.twelve99.net,1299
1683593632,7,62.115.114.90,ffm-bb2-link.ip.twelve99.net,1299
1683593632,8,62.115.122.138,prs-bb2-link.ip.twelve99.net,1299
1683593632,9,62.115.122.159,rest-bb1-link.ip.twelve99.net,1299
1683593632,10,*,*,*
1683593632,11,*,*,*
1683593632,12,*,*,*
1683593632,13,62.115.136.119,dls-b23-link.ip.twelve99.net,1299
1683593632,14,*,*,*
1683593632,15,62.115.125.55,phx-b6-link.ip.twelve99.net,1299
1683593632,16,140.91.194.5,???,31898
1683593632,17,*,*,*
1683593632,18,*,*,*
1683593632,19,*,*,*
1683593632,20,*,*,*
1683593632,21,*,*,*
1683593632,22,*,*,*
1683593632,23,*,*,*
1683593632,24,*,*,*
1683593632,25,*,*,*
1683593632,26,*,*,*
1683593632,27,*,*,*
1683593632,28,*,*,*
1683593632,29,*,*,*
1683595791,1,192.168.1.1,???,
1683595791,2,100.64.0.1,???,
1683595791,3,172.16.251.90,???,
1683595791,4,206.224.65.208,undefined.hostname.localhost,14593
1683595791,5,206.224.65.192,undefined.hostname.localhost,14593
1683595791,6,62.115.114.90,ffm-bb2-link.ip.twelve99.net,1299
1683595791,7,62.115.114.90,ffm-bb2-link.ip.twelve99.net,1299
1683595791,8,62.115.122.138,prs-bb2-link.ip.twelve99.net,1299
1683595791,9,62.115.122.159,rest-bb1-link.ip.twelve99.net,1299
1683595791,10,62.115.138.71,atl-bb1-link.ip.twelve99.net,1299
1683595791,11,*,*,*
1683595791,12,*,*,*
1683595791,13,62.115.136.119,dls-b23-link.ip.twelve99.net,1299
1683595791,14,*,*,*
1683595791,15,62.115.125.55,phx-b6-link.ip.twelve99.net,1299
1683595791,16,140.91.194.5,???,31898
1683595791,17,*,*,*
1683595791,18,*,*,*
1683595791,19,*,*,*
1683595791,20,*,*,*
1683595791,21,*,*,*
1683595791,22,*,*,*
1683595791,23,*,*,*
1683595791,24,*,*,*
1683595791,25,*,*,*
1683595791,26,*,*,*
1683595791,27,*,*,*
1683595791,28,*,*,*
1683595791,29,*,*,*
1683597952,1,192.168.1.1,???,
1683597952,2,100.64.0.1,???,
1683597952,3,172.16.251.90,???,
1683597952,4,206.224.65.208,undefined.hostname.localhost,14593
1683597952,5,206.224.65.192,undefined.hostname.localhost,14593
1683597952,6,62.115.114.90,ffm-bb2-link.ip.twelve99.net,1299
1683597952,7,62.115.114.90,ffm-bb2-link.ip.twelve99.net,1299
1683597952,8,62.115.122.138,prs-bb2-link.ip.twelve99.net,1299
1683597952,9,62.115.122.159,rest-bb1-link.ip.twelve99.net,1299
1683597952,10,62.115.138.71,atl-bb1-link.ip.twelve99.net,1299
1683597952,11,*,*,*
1683597952,12,*,*,*
1683597952,13,62.115.136.119,dls-b23-link.ip.twelve99.net,1299
1683597952,14,*,*,*
1683597952,15,62.115.125.55,phx-b6-link.ip.twelve99.net,1299
1683597952,16,140.91.194.5,???,31898
1683597952,17,*,*,*
1683597952,18,*,*,*
1683597952,19,*,*,*
1683597952,20,*,*,*
1683597952,21,*,*,*
1683597952,22,*,*,*
1683597952,23,*,*,*
1683597952,24,*,*,*
1683597952,25,*,*,*
1683597952,26,*,*,*
1683597952,27,*,*,*
1683597952,28,*,*,*
1683597952,29,*,*,*
1683600185,1,192.168.1.1,???,
1683600185,2,100.64.0.1,???,
1683600185,3,172.16.251.90,???,
1683600185,4,206.224.65.208,undefined.hostname.localhost,14593
1683600185,5,206.224.65.192,undefined.hostname.localhost,14593
1683600185,6,62.115.114.90,ffm-bb2-link.ip.twelve99.net,1299
1683600185,7,62.115.114.90,ffm-bb2-link.ip.twelve99.net,1299
1683600185,8,62.115.122.138,prs-bb2-link.ip.twelve99.net,1299
1683600185,9,62.115.122.159,rest-bb1-link.ip.twelve99.net,1299
1683600185,10,*,*,*
1683600185,11,*,*,*
1683600185,12,62.115.137.45,dls-bb1-link.ip.twelve99.net,1299
1683600185,13,62.115.136.119,dls-b23-link.ip.twelve99.net,1299
1683600185,14,*,*,*
1683600185,15,62.115.125.55,phx-b6-link.ip.twelve99.net,1299
1683600185,16,140.91.194.5,???,31898
1683600185,17,*,*,*
1683600185,18,*,*,*
1683600185,19,*,*,*
1683600185,20,*,*,*
1683600185,21,*,*,*
1683600185,22,*,*,*
1683600185,23,*,*,*
1683600185,24,*,*,*
1683600185,25,*,*,*
1683600185,26,*,*,*
1683600185,27,*,*,*
1683600185,28,*,*,*
1683600185,29,*,*,*
1683602359,1,192.168.1.1,???,
1683602359,2,100.64.0.1,???,
1683602359,3,172.16.251.90,???,
1683602359,4,206.224.65.208,undefined.hostname.localhost,14593
1683602359,5,206.224.65.192,undefined.hostname.localhost,14593
1683602359,6,62.115.114.90,ffm-bb2-link.ip.twelve99.net,1299
1683602359,7,62.115.114.90,ffm-bb2-link.ip.twelve99.net,1299
1683602359,8,62.115.122.138,prs-bb2-link.ip.twelve99.net,1299
1683602359,9,62.115.122.159,rest-bb1-link.ip.twelve99.net,1299
1683602359,10,62.115.138.71,atl-bb1-link.ip.twelve99.net,1299
1683602359,11,*,*,*
1683602359,12,*,*,*
1683602359,13,62.115.136.119,dls-b23-link.ip.twelve99.net,1299
1683602359,14,*,*,*
1683602359,15,62.115.125.55,phx-b6-link.ip.twelve99.net,1299
1683602359,16,140.91.194.5,???,31898
1683602359,17,*,*,*
1683602359,18,*,*,*
1683602359,19,*,*,*
1683602359,20,*,*,*
1683602359,21,*,*,*
1683602359,22,*,*,*
1683602359,23,*,*,*
1683602359,24,*,*,*
1683602359,25,*,*,*
1683602359,26,*,*,*
1683602359,27,*,*,*
1683602359,28,*,*,*
1683602359,29,*,*,*
1683604547,1,192.168.1.1,???,
1683604547,2,100.64.0.1,???,
1683604547,3,172.16.251.90,???,
1683604547,4,206.224.65.208,undefined.hostname.localhost,14593
1683604547,5,206.224.65.192,undefined.hostname.localhost,14593
1683604547,6,62.115.114.90,ffm-bb2-link.ip.twelve99.net,1299
1683604547,7,62.115.114.90,ffm-bb2-link.ip.twelve99.net,1299
1683604547,8,62.115.122.138,prs-bb2-link.ip.twelve99.net,1299
1683604547,9,62.115.122.159,rest-bb1-link.ip.twelve99.net,1299
1683604547,10,*,*,*
1683604547,11,*,*,*
1683604547,12,*,*,*
1683604547,13,62.115.136.119,dls-b23-link.ip.twelve99.net,1299
1683604547,14,62.115.138.64,dls-bb2-link.ip.twelve99.net,1299
1683604547,15,62.115.125.55,phx-b6-link.ip.twelve99.net,1299
1683604547,16,140.91.194.5,???,31898
1683604547,17,*,*,*
1683604547,18,*,*,*
1683604547,19,*,*,*
1683604547,20,*,*,*
1683604547,21,*,*,*
1683604547,22,*,*,*
1683604547,23,*,*,*
1683604547,24,*,*,*
1683604547,25,*,*,*
1683604547,26,*,*,*
1683604547,27,*,*,*
1683604547,28,*,*,*
1683604547,29,*,*,*
1683606876,1,192.168.1.1,???,
1683606876,2,100.64.0.1,???,
1683606876,3,172.16.251.90,???,
1683606876,4,206.224.65.208,undefined.hostname.localhost,14593
1683606876,5,206.224.65.192,undefined.hostname.localhost,14593
1683606876,6,62.115.114.90,ffm-bb2-link.ip.twelve99.net,1299
1683606876,7,62.115.114.90,ffm-bb2-link.ip.twelve99.net,1299
1683606876,8,62.115.122.138,prs-bb2-link.ip.twelve99.net,1299
1683606876,9,62.115.122.159,rest-bb1-link.ip.twelve99.net,1299
1683606876,10,62.115.138.71,atl-bb1-link.ip.twelve99.net,1299
1683606876,11,*,*,*
1683606876,12,62.115.137.45,dls-bb1-link.ip.twelve99.net,1299
1683606876,13,62.115.136.119,dls-b23-link.ip.twelve99.net,1299
1683606876,14,62.115.138.64,dls-bb2-link.ip.twelve99.net,1299
1683606876,15,62.115.125.55,phx-b6-link.ip.twelve99.net,1299
1683606876,16,140.91.194.5,???,31898
1683606876,17,*,*,*
1683606876,18,*,*,*
1683606876,19,*,*,*
1683606876,20,*,*,*
1683606876,21,*,*,*
1683606876,22,*,*,*
1683606876,23,*,*,*
1683606876,24,*,*,*
1683606876,25,*,*,*
1683606876,26,*,*,*
1683606876,27,*,*,*
1683606876,28,*,*,*
1683606876,29,*,*,*
1683609365,1,192.168.1.1,???,
1683609365,2,100.64.0.1,???,
1683609365,3,172.16.251.90,???,
1683609365,4,206.224.65.208,undefined.hostname.localhost,14593
1683609365,5,206.224.65.192,undefined.hostname.localhost,14593
1683609365,6,62.115.114.90,ffm-bb2-link.ip.twelve99.net,1299
1683609365,7,62.115.114.90,ffm-bb2-link.ip.twelve99.net,1299
1683609365,8,62.115.122.138,prs-bb2-link.ip.twelve99.net,1299
1683609365,9,62.115.122.159,rest-bb1-link.ip.twelve99.net,1299
1683609365,10,*,*,*
1683609365,11,*,*,*
1683609365,12,*,*,*
1683609365,13,62.115.136.119,dls-b23-link.ip.twelve99.net,1299
1683609365,14,*,*,*
1683609365,15,62.115.125.55,phx-b6-link.ip.twelve99.net,1299
1683609365,16,140.91.194.5,???,31898
1683609365,17,*,*,*
1683609365,18,*,*,*
1683609365,19,*,*,*
1683609365,20,*,*,*
1683609365,21,*,*,*
1683609365,22,*,*,*
1683609365,23,*,*,*
1683609365,24,*,*,*
1683609365,25,*,*,*
1683609365,26,*,*,*
1683609365,27,*,*,*
1683609365,28,*,*,*
1683609365,29,*,*,*
1683612058,1,192.168.1.1,???,
1683612058,2,100.64.0.1,???,
1683612058,3,172.16.251.90,???,
1683612058,4,206.224.65.208,undefined.hostname.localhost,14593
1683612058,5,206.224.65.192,undefined.hostname.localhost,14593
1683612058,6,62.115.114.90,ffm-bb2-link.ip.twelve99.net,1299
1683612058,7,62.115.114.90,ffm-bb2-link.ip.twelve99.net,1299
1683612058,8,62.115.122.138,prs-bb2-link.ip.twelve99.net,1299
1683612058,9,62.115.122.159,rest-bb1-link.ip.twelve99.net,1299
1683612058,10,62.115.138.71,atl-bb1-link.ip.twelve99.net,1299
1683612058,11,*,*,*
1683612058,12,*,*,*
1683612058,13,62.115.136.119,dls-b23-link.ip.twelve99.net,1299
1683612058,14,*,*,*
1683612058,15,62.115.125.55,phx-b6-link.ip.twelve99.net,1299
1683612058,16,140.91.194.5,???,31898
1683612058,17,*,*,*
1683612058,18,*,*,*
1683612058,19,*,*,*
1683612058,20,*,*,*
1683612058,21,*,*,*
1683612058,22,*,*,*
1683612058,23,*,*,*
1683612058,24,*,*,*
1683612058,25,*,*,*
1683612058,26,*,*,*
1683612058,27,*,*,*
1683612058,28,*,*,*
1683612058,29,*,*,*
1683615096,1,192.168.1.1,???,
1683615096,2,100.64.0.1,???,
1683615096,3,172.16.251.90,???,
1683615096,4,206.224.65.208,undefined.hostname.localhost,14593
1683615096,5,206.224.65.192,undefined.hostname.localhost,14593
1683615096,6,62.115.114.90,ffm-bb2-link.ip.twelve99.net,1299
1683615096,7,62.115.114.90,ffm-bb2-link.ip.twelve99.net,1299
1683615096,8,62.115.122.138,prs-bb2-link.ip.twelve99.net,1299
1683615096,9,62.115.122.159,rest-bb1-link.ip.twelve99.net,1299
1683615096,10,*,*,*
1683615096,11,*,*,*
1683615096,12,*,*,*
1683615096,13,62.115.136.119,dls-b23-link.ip.twelve99.net,1299
1683615096,14,*,*,*
1683615096,15,62.115.125.55,phx-b6-link.ip.twelve99.net,1299
1683615096,16,140.91.194.5,???,31898
1683615096,17,*,*,*
1683615096,18,*,*,*
1683615096,19,*,*,*
1683615096,20,*,*,*
1683615096,21,*,*,*
1683615096,22,*,*,*
1683615096,23,*,*,*
1683615096,24,*,*,*
1683615096,25,*,*,*
1683615096,26,*,*,*
1683615096,27,*,*,*
1683615096,28,*,*,*
1683615096,29,*,*,*
1683618324,1,192.168.1.1,???,
1683618324,2,100.64.0.1,???,
1683618324,3,172.16.251.90,???,
1683618324,4,206.224.65.208,undefined.hostname.localhost,14593
1683618324,5,206.224.65.192,undefined.hostname.localhost,14593
1683618324,6,62.115.114.90,ffm-bb2-link.ip.twelve99.net,1299
1683618324,7,62.115.114.90,ffm-bb2-link.ip.twelve99.net,1299
1683618324,8,62.115.122.138,prs-bb2-link.ip.twelve99.net,1299
1683618324,9,62.115.122.159,rest-bb1-link.ip.twelve99.net,1299
1683618324,10,62.115.138.71,atl-bb1-link.ip.twelve99.net,1299
1683618324,11,*,*,*
1683618324,12,*,*,*
1683618324,13,62.115.136.119,dls-b23-link.ip.twelve99.net,1299
1683618324,14,*,*,*
1683618324,15,62.115.125.55,phx-b6-link.ip.twelve99.net,1299
1683618324,16,140.91.194.5,???,31898
1683618324,17,*,*,*
1683618324,18,*,*,*
1683618324,19,*,*,*
1683618324,20,*,*,*
1683618324,21,*,*,*
1683618324,22,*,*,*
1683618324,23,*,*,*
1683618324,24,*,*,*
1683618324,25,*,*,*
1683618324,26,*,*,*
1683618324,27,*,*,*
1683618324,28,*,*,*
1683618324,29,*,*,*
1683621284,1,192.168.1.1,???,
1683621284,2,100.64.0.1,???,
1683621284,3,172.16.251.90,???,
1683621284,4,206.224.65.208,undefined.hostname.localhost,14593
1683621284,5,206.224.65.192,undefined.hostname.localhost,14593
1683621284,6,62.115.114.90,ffm-bb2-link.ip.twelve99.net,1299
1683621284,7,62.115.114.90,ffm-bb2-link.ip.twelve99.net,1299
1683621284,8,62.115.122.138,prs-bb2-link.ip.twelve99.net,1299
1683621284,9,62.115.122.159,rest-bb1-link.ip.twelve99.net,1299
1683621284,10,62.115.138.71,atl-bb1-link.ip.twelve99.net,1299
1683621284,11,*,*,*
1683621284,12,*,*,*
1683621284,13,62.115.136.119,dls-b23-link.ip.twelve99.net,1299
1683621284,14,62.115.138.64,dls-bb2-link.ip.twelve99.net,1299
1683621284,15,62.115.125.55,phx-b6-link.ip.twelve99.net,1299
1683621284,16,140.91.194.5,???,31898
1683621284,17,*,*,*
1683621284,18,*,*,*
1683621284,19,*,*,*
1683621284,20,*,*,*
1683621284,21,*,*,*
1683621284,22,*,*,*
1683621284,23,*,*,*
1683621284,24,*,*,*
1683621284,25,*,*,*
1683621284,26,*,*,*
1683621284,27,*,*,*
1683621284,28,*,*,*
1683621284,29,*,*,*
1683624193,1,192.168.1.1,???,
1683624193,2,100.64.0.1,???,
1683624193,3,172.16.251.90,???,
1683624193,4,206.224.65.208,undefined.hostname.localhost,14593
1683624193,5,206.224.65.192,undefined.hostname.localhost,14593
1683624193,6,62.115.114.90,ffm-bb2-link.ip.twelve99.net,1299
1683624193,7,62.115.114.90,ffm-bb2-link.ip.twelve99.net,1299
1683624193,8,62.115.122.138,prs-bb2-link.ip.twelve99.net,1299
1683624193,9,62.115.122.159,rest-bb1-link.ip.twelve99.net,1299
1683624193,10,*,*,*
1683624193,11,*,*,*
1683624193,12,*,*,*
1683624193,13,62.115.136.119,dls-b23-link.ip.twelve99.net,1299
1683624193,14,*,*,*
1683624193,15,62.115.125.55,phx-b6-link.ip.twelve99.net,1299
1683624193,16,140.91.194.5,???,31898
1683624193,17,*,*,*
1683624193,18,*,*,*
1683624193,19,*,*,*
1683624193,20,*,*,*
1683624193,21,*,*,*
1683624193,22,*,*,*
1683624193,23,*,*,*
1683624193,24,*,*,*
1683624193,25,*,*,*
1683624193,26,*,*,*
1683624193,27,*,*,*
1683624193,28,*,*,*
1683624193,29,*,*,*
1683627151,1,192.168.1.1,???,
1683627151,2,100.64.0.1,???,
1683627151,3,172.16.251.90,???,
1683627151,4,206.224.65.208,undefined.hostname.localhost,14593
1683627151,5,206.224.65.192,undefined.hostname.localhost,14593
1683627151,6,62.115.114.90,ffm-bb2-link.ip.twelve99.net,1299
1683627151,7,62.115.114.90,ffm-bb2-link.ip.twelve99.net,1299
1683627151,8,62.115.122.138,prs-bb2-link.ip.twelve99.net,1299
1683627151,9,62.115.122.159,rest-bb1-link.ip.twelve99.net,1299
1683627151,10,62.115.138.71,atl-bb1-link.ip.twelve99.net,1299
1683627151,11,*,*,*
1683627151,12,*,*,*
1683627151,13,62.115.136.119,dls-b23-link.ip.twelve99.net,1299
1683627151,14,*,*,*
1683627151,15,62.115.125.55,phx-b6-link.ip.twelve99.net,1299
1683627151,16,140.91.194.5,???,31898
1683627151,17,*,*,*
1683627151,18,*,*,*
1683627151,19,*,*,*
1683627151,20,*,*,*
1683627151,21,*,*,*
1683627151,22,*,*,*
1683627151,23,*,*,*
1683627151,24,*,*,*
1683627151,25,*,*,*
1683627151,26,*,*,*
1683627151,27,*,*,*
1683627151,28,*,*,*
1683627151,29,*,*,*
