time,hop#,ip
2023-04-30 17:56:40.928688,4,206.224.65.196
2023-04-30 17:56:40.928688,5,206.224.65.186
2023-04-30 21:13:55.814139,4,206.224.65.196
2023-04-30 21:13:55.814139,5,206.224.65.186
2023-04-30 22:25:05.864867,4,206.224.65.196
2023-04-30 22:25:05.864867,5,206.224.65.186
2023-04-30 22:44:27.659916,4,206.224.65.196
2023-04-30 22:44:27.659916,5,206.224.65.186
2023-04-30 23:00:01.964573,4,206.224.65.196
2023-04-30 23:00:01.964573,5,206.224.65.186
2023-04-30 23:05:37.105693,4,206.224.65.196
2023-04-30 23:05:37.105693,5,206.224.65.186
2023-04-30 23:52:27.637912,4,206.224.65.196
2023-04-30 23:52:27.637912,5,206.224.65.186
2023-05-01 00:41:23.797451,4,206.224.65.196
2023-05-01 00:41:23.797451,5,206.224.65.186
2023-05-01 01:14:45.878859,4,206.224.65.196
2023-05-01 01:14:45.878859,5,206.224.65.186
2023-05-01 01:55:11.693061,4,206.224.65.196
2023-05-01 01:55:11.693061,5,206.224.65.186
2023-05-01 03:10:12.907292,4,206.224.65.196
2023-05-01 03:10:12.907292,5,206.224.65.186
2023-05-01 04:46:59.803973,4,206.224.65.196
2023-05-01 04:46:59.803973,5,206.224.65.186
2023-05-01 05:14:51.095439,4,206.224.65.196
2023-05-01 05:14:51.095439,5,206.224.65.186
2023-05-01 06:29:38.574376,4,206.224.65.196
2023-05-01 06:29:38.574376,5,206.224.65.186
2023-05-01 08:52:30.416006,4,206.224.65.196
2023-05-01 08:52:30.416006,5,206.224.65.186
2023-05-01 08:59:32.022301,4,206.224.65.196
2023-05-01 08:59:32.022301,5,206.224.65.186
2023-05-01 10:43:40.554323,4,206.224.65.196
2023-05-01 10:43:40.554323,5,206.224.65.186
2023-05-01 10:55:21.522911,4,206.224.65.196
2023-05-01 10:55:21.522911,5,206.224.65.186
2023-05-01 11:05:24.905544,4,206.224.65.196
2023-05-01 11:05:24.905544,5,206.224.65.186
2023-05-01 11:18:20.552833,4,206.224.65.196
2023-05-01 11:18:20.552833,5,206.224.65.186
2023-05-01 14:13:10.861099,4,206.224.65.196
2023-05-01 14:13:10.861099,5,206.224.65.186
2023-05-01 14:13:25.349506,4,206.224.65.196
2023-05-01 14:13:25.349506,5,206.224.65.186
2023-05-01 15:59:07.555489,4,206.224.65.196
2023-05-01 15:59:07.555489,5,206.224.65.186
2023-05-01 18:38:48.633813,4,206.224.65.196
2023-05-01 18:38:48.633813,5,206.224.65.186
2023-05-01 18:40:02.249699,4,206.224.65.196
2023-05-01 18:40:02.249699,5,206.224.65.186
2023-05-01 19:13:10.048672,4,206.224.65.196
2023-05-01 19:13:10.048672,5,206.224.65.186
2023-05-01 19:35:58.992534,4,206.224.65.196
2023-05-01 19:35:58.992534,5,206.224.65.186
2023-05-01 20:01:45.575807,4,206.224.65.196
2023-05-01 20:01:45.575807,5,206.224.65.186
2023-05-01 20:12:22.382973,4,206.224.65.196
2023-05-01 20:12:22.382973,5,206.224.65.186
2023-05-01 21:08:42.132615,4,206.224.65.196
2023-05-01 21:08:42.132615,5,206.224.65.186
2023-05-01 21:32:51.423476,4,206.224.65.196
2023-05-01 21:32:51.423476,5,206.224.65.186
2023-05-01 21:51:39.539047,4,206.224.65.196
2023-05-01 21:51:39.539047,5,206.224.65.186
2023-05-01 22:00:08.939923,4,206.224.65.196
2023-05-01 22:00:08.939923,5,206.224.65.186
2023-05-01 23:39:49.471772,4,206.224.65.196
2023-05-01 23:39:49.471772,5,206.224.65.186
2023-05-02 01:30:57.190811,4,206.224.65.196
2023-05-02 01:30:57.190811,5,206.224.65.186
2023-05-02 02:39:07.572040,4,206.224.65.196
2023-05-02 02:39:07.572040,5,206.224.65.186
2023-05-02 05:16:51.273731,4,206.224.65.196
2023-05-02 05:16:51.273731,5,206.224.65.186
2023-05-02 05:55:31.530756,4,206.224.65.196
2023-05-02 05:55:31.530756,5,206.224.65.186
2023-05-02 06:09:56.440948,4,206.224.65.196
2023-05-02 06:09:56.440948,5,206.224.65.186
2023-05-02 06:15:22.943328,4,206.224.65.196
2023-05-02 06:15:22.943328,5,206.224.65.186
2023-05-02 07:28:01.695607,4,206.224.65.196
2023-05-02 07:28:01.695607,5,206.224.65.186
2023-05-02 09:10:04.939538,4,206.224.65.196
2023-05-02 09:10:04.939538,5,206.224.65.186
2023-05-02 09:56:09.142218,4,206.224.65.196
2023-05-02 09:56:09.142218,5,206.224.65.186
2023-05-02 10:37:31.309546,4,206.224.65.196
2023-05-02 10:37:31.309546,5,206.224.65.186
2023-05-02 13:03:43.094969,4,206.224.65.196
2023-05-02 13:03:43.094969,5,206.224.65.186
2023-05-02 14:15:59.621448,4,206.224.65.196
2023-05-02 14:15:59.621448,5,206.224.65.186
2023-05-02 14:40:11.522053,4,206.224.65.196
2023-05-02 14:40:11.522053,5,206.224.65.186
